Unnamed: 0,SectionId,SectionName,AvgSpd,AvgOcc,TotalVol,MOELevel,StartWgsX,StartWgsY,EndWgsX,EndWgsY,dis1,dis2
0,ZVCGQ40,承德路    大業路-吉利街,52.301586,1.4666667,63,0,121.5015,25.119499,121.503337,25.117813,北投,北投
1,ZQFHC20,民族西路  中山北路-承德路,35.70968,5.8,93,1,121.51841,25.068495,121.51957,25.068509,大同,大同
2,Z1010A1,建國快往北 和平信義,64.298134,10.2,161,1,121.537706,25.022929,121.538066,25.035569,大安,大安
3,ZLNPU40,光復北路  健康路-南京東路,26.916666,3,36,1,121.556594,25.05365,121.557308,25.051544,松山,松山
4,ZM7PP00,光復北路  南京東路-健康路,32.133335,1.6,30,0,121.557308,25.051544,121.556594,25.05365,松山,松山
5,Z52C0E0,環河快往南 華江橋-西藏路,62,9.5,110,1,121.488942,25.033617,121.488264,25.029653,萬華,萬華
6,ZCCKW00,羅斯福路五段 興隆路一段-汀洲路四段,48.36607,3.5,112,0,121.538777,25.00436,121.538218,25.007991,文山,文山
7,ZTYXQ60,成功路五段324巷至420巷(往西),39.930233,4.9,43,1,121.598776,25.084678,121.596515,25.084461,內湖,內湖
8,ZHFHV00,杭州南路  羅斯福路-愛國東路,40.033333,1.1,30,0,121.522002,25.029536,121.522275,25.030862,中正,中正
9,ZI9S600,松仁路住北   信義路-松壽路,33.97333,11.933333,75,1,121.568292,25.032824,121.568355,25.035803,信義,信義
10,ZHXS600,信義路   松仁路-松德路,40.773335,5.9333334,75,0,121.568292,25.032824,121.568331,25.034792,信義,信義
11,ZP8GI20,民權西路        　大龍街(往東),39.98182,2.0000002,55,1,121.516164,25.059845,121.515958,25.062925,大同,大同
12,Z8050A0,洲美往北　大業匝道,65.21951,1.3,41,0,121.493663,25.121735,121.498707,25.125736,北投,北投
13,ZLPN840,敦化北路　南京往南,47.8125,2.6,16,0,121.548976,25.05441,121.548954,25.05172,松山,松山
14,ZGBBW20,雙園　七十六巷(往東),40.48611,3.2,72,1,121.491766,25.028754,121.493567,25.030436,萬華,萬華
15,Z6160C1,環東出城  彩虹經貿1,68.80173,7.1,116,0,121.584863,25.058616,121.616541,25.062585,內湖,南港
16,ZLXFX20,市民大道  環河北路-重慶北路,42.292683,4.4666667,123,0,121.511989,25.049902,121.513315,25.049428,中正,大同
17,ZN5HV60,民生西路  雙連站-中山北路,26.470589,12,51,1,121.525522,25.058043,121.522845,25.05789,中山,中山
18,Z6330G5,環東出城  經貿彩虹5,81.20755,1.4,53,0,121.616641,25.062923,121.584603,25.059069,南港,內湖
19,Z1051A0,建國快往北 南京入口,36.551723,14.8,58,1,121.536785,25.051981,121.536885,25.049528,中山,中山
20,ZSNVA60,內湖路二段66巷至文德路(往西),46.793102,2.3,29,0,121.581201,25.078473,121.578872,25.078582,內湖,內湖
21,Z1021A0,建國快往北 仁愛路上匝道,48.32353,2.8,34,0,121.537883,25.038065,121.537963,25.035707,大安,大安
22,ZM8PX60,健康路    塔悠路-三民路,50.064518,1,31,0,121.56048,25.053961,121.558071,25.053771,松山,松山
23,ZQUWI20,民權東路  成功路-民權隧道,47.763157,1.5,38,0,121.590899,25.068947,121.595239,25.068559,內湖,內湖
24,ZQKWL60,民權東路  民權隧道-成功路,44.35484,1.7,31,0,121.578835,25.05612,121.590899,25.068947,內湖,內湖
25,ZMCSE20,健康路    三民路-塔悠路,0,0,1,0,121.567261,25.054296,121.569839,25.054476,松山,松山
26,ZN0C0E0,新生高    長安東路-民生東路,67.933334,7.5,90,0,121.529929,25.048223,121.527835,25.058021,中山,中山
27,ZIVGU00,中山南路  愛國東路-信義路,51.32,0.7,25,0,121.516465,25.034882,121.517742,25.039274,中正,中正
28,ZNE4D00,三重路    南港路-重陽路,44.333332,0.9,15,0,121.61399,25.056151,121.614203,25.05903,南港,南港
29,Z1080A0,建國快往北 民族濱江,49.213413,15,164,1,121.534361,25.067295,121.533423,25.068943,中山,中山
30,ZHWGD40,中山南路  仁愛路-愛國西路,46.55,1,20,0,121.517742,25.039274,121.516465,25.034882,中正,中正
31,Z4011A0,水源快往北 景美上匝道,46.409092,6,22,0,121.539925,24.999625,121.535867,24.995893,文山,文山
32,ZMQ4C40,三重路    重陽路-南港路,43.903225,1.5,31,1,121.577784,25.047449,121.61399,25.056151,信義,南港
33,Z3311G0,辛亥高架 辛亥上匝道,39.115383,3.3,26,0,121.535666,25.022585,121.535349,25.022582,大安,大安
34,ZHAIQ00,金山南路  和平東路-愛國東路,45.555557,2.3,63,0,121.526583,25.03017,121.526847,25.031667,大安,大安
35,Z9230A0,信快往北  象山隧道,67.416664,4.666667,108,0,121.572327,25.0308,121.575894,25.021053,信義,信義
36,ZG8IK40,金山南路  愛國東路-和平東路,43.162163,1.5,37,0,121.526309,25.02887,121.525914,25.026786,大安,大安
37,Z40A2G0,水源快往北 萬大路下匝道,39.666668,0.6,6,0,121.496989,25.016621,121.495851,25.017006,萬華,萬華
38,ZMQGX40,承德路    民生西路-南京西路,36.987656,3.6,81,1,121.518175,25.057337,121.518144,25.054738,大同,大同
39,Z5290E0,環河快往南 中興橋-桂林路,50.023254,8,43,1,121.500128,25.042897,121.495769,25.039059,萬華,萬華
40,ZF9M500,自強隧道往北,42.489582,9,96,1,121.550122,25.086328,121.547418,25.096315,中山,士林
41,Z12F2E0,建國快往南 和平東路下匝道,73.18519,0.8,27,0,121.537365,25.027768,121.536989,25.026846,大安,大安
42,Z5AAF61,大度路 貴水二溪-聖景路,54.877007,6.5,187,1,121.48608,25.121852,121.466877,25.123214,北投,北投
43,ZMWGW00,承德路    南京西路-民生西路,43.223682,4.9333334,76,1,121.518144,25.054738,121.518175,25.057337,大同,大同
44,ZU5QC60,內湖路一段91巷至文湖路(往西),33.045456,5.45,110,0,121.560812,25.084542,121.559698,25.084907,內湖,內湖
45,ZGNNK40,安和路    信義路-樂利街,38.17073,0.8,82,1,121.551611,25.029745,121.550795,25.029016,大安,大安
46,ZP6IV60,民權東路  松江路-新生北路,47.844826,2.4,58,0,121.530299,25.062549,121.527752,25.062621,中山,中山
47,Z5051A0,環河快往北 華江橋上匝道,39.89706,7.8,68,0,121.489444,25.035404,121.491949,25.036359,萬華,萬華
48,ZHLNV00,安和路    樂利街-信義路,33.041668,1.2,24,0,121.552432,25.031701,121.552468,25.033172,大安,大安
49,Z52D0E0,環河快往南 西藏路-西園路,53.846153,1,13,0,121.488264,25.029653,121.490514,25.024401,萬華,萬華
50,ZP6JY20,民權東路  新生北路-松江路,43.040817,1.8,49,0,121.530299,25.062549,121.533203,25.062466,中山,中山
51,ZSDPM60,樂群一路  堤頂大道-敬業三路,57.411766,1.1,34,0,121.563198,25.07606,121.556333,25.07707,中山,中山
52,ZRKQZ20,樂群一路  敬業三路-堤頂大道,49.30612,1.8,49,0,121.556333,25.07707,121.563198,25.07606,中山,中山
53,ZMTR600,三民路    南京東路-民生東路,40.53846,1.2,13,0,121.563871,25.054129,121.563596,25.056856,松山,松山
54,ZTHRR20,內湖一段二八五(往東),36.977272,10.2,44,0,121.565517,25.082362,121.566874,25.082158,內湖,內湖
55,ZMAR840,三民路    民生東路-南京東路,19.529411,28.2,17,2,121.563596,25.056856,121.563871,25.054129,松山,松山
56,ZHKPV40,光復南路 仁愛路-信義路,31.910257,13.6,78,1,121.557522,25.035383,121.557472,25.033063,信義,信義
57,ZKDTY20,永吉路    基隆路-松山路,53.586666,1.9,75,0,121.577001,25.045447,121.577794,25.045417,信義,信義
58,Z52B1E0,環河快往南 華江橋上匝道,39.444443,1.8,9,0,121.489444,25.035404,121.488942,25.033617,萬華,萬華
59,Z3320G0,辛亥高架 新生泰順,60.18182,4.266667,77,0,121.535349,25.022582,145.096583,22.857968,大安,文山
60,Z0130A0,市高往東  承德中山,62.384617,4.466666,195,0,121.51467,25.048847,121.530467,25.045874,中正,中正
61,Z7010A0,正氣橋出城接麥二橋,58.477478,4.9,111,0,121.572381,25.051766,121.572381,25.051766,松山,松山
62,Z6380E0,環東進城　永吉匝道,58.015385,2.4,65,0,121.568212,25.047909,121.56693,25.045809,信義,信義
63,Z9260A0,信快往北  萬芳出口,62.753624,4.4,69,0,121.581259,25.008189,121.580424,25.004982,文山,文山
64,Z5270E0,環河快往南 忠孝橋-中興橋,41.22222,4.4,18,0,121.503459,25.046865,121.501675,25.045449,萬華,萬華
65,ZDYN960,辛亥路    基隆路-辛亥隧道,39.171875,4.9,64,1,121.550876,25.018327,121.549057,25.017007,大安,大安
66,Z8240E0,洲美往南　福國路段,73.9901,1.8666668,101,0,121.498718,25.102344,121.498123,25.099324,北投,北投
67,ZLYGU00,承德路    市民大道-南京西路,36.301205,6,83,1,121.517028,25.050877,121.517692,25.053249,大同,大同
68,Z4020A0,水源快往北 景美-基隆快,60.464287,2.5333333,112,0,121.535867,24.995893,121.534551,25.00649,文山,文山
69,ZL9SB00,基隆路    永吉路-南京東路,28.608696,3.35,23,0,121.568669,25.048116,121.569389,25.049395,信義,松山
70,ZLRJE40,吉林路  民生東路-南京東路,43.42857,1.4,14,0,121.530112,25.053648,121.530085,25.052041,中山,中山
71,ZMEJE00,吉林路    南京東路-民生東路,39.6,2.4,25,0,121.530112,25.053648,121.530137,25.05484,中山,中山
72,ZSGLN60,明水路    大直橋-北安路,46.090908,1.4,11,0,121.544389,25.077322,121.541635,25.077603,中山,中山
73,ZLRIF21,南京東路二段 中山北路一段-林森北路,38.66234,4.266667,77,1,121.522574,25.05223,121.525378,25.052094,中山,中山
74,Z5250E0,環河快往南 民生西-忠孝橋,51.36424,14.5,151,1,121.50849,25.057055,121.50682,25.05207,大同,大同
75,Z3132C0,辛亥高架 辛亥路下匝道,58.25641,4,39,0,121.535353,25.022591,121.536995,25.022829,大安,大安
76,ZMFIG20,長春路    中山北路-新生北路,31.62857,4.2,35,1,121.522714,25.054992,121.525459,25.05491,中山,中山
77,ZIAM700,復興南路  仁愛路-信義路,36.827587,4.3333335,87,1,121.54359,25.033358,121.543642,25.036067,大安,大安
78,ZIMNN00,安和路    信義路-仁愛路,31.727272,1,11,0,121.552502,25.036169,121.551775,25.037779,大安,大安
79,ZHLNV40,安和路    仁愛路-信義路,48,0.6,3,0,121.552528,25.03533,121.552468,25.033172,大安,大安
80,ZMFHU60,長春路    新生北路-中山北路,37.72,2.8,25,0,121.525459,25.05491,121.522714,25.054992,中山,中山
81,Z03E0G1,市高往西  重慶中華,43.074417,13.2,215,1,121.515178,25.049521,121.507229,25.051022,大同,大同
82,ZPDS600,塔悠路    民生東路-民權東路,29.722221,0.6666667,126,2,121.568988,25.059201,121.568255,25.063537,松山,松山
83,ZNES640,塔悠路    民權東路-民生東路,36.892307,3.8666663,65,1,121.566393,25.061739,121.568423,25.059203,松山,松山
84,Z6330G3,環東出城  經貿彩虹3,80.86842,1.5,76,0,121.616641,25.062923,121.584603,25.059069,南港,內湖
85,ZN0B0E0,新生高    八德路-長安東路,51.905884,6.6,85,0,121.530451,25.04452,121.529929,25.048223,中正,中山
86,ZKXET60,忠孝西路  中華路-環河北路,46.773586,2.3200002,106,0,121.506759,25.050606,121.507623,25.048617,大同,大同
87,Z6310G0,環東進城　前方,68.66346,1.9333334,104,0,121.619544,25.061456,121.616821,25.062867,南港,南港
88,Z1001B0,建國快往北 辛亥高架接建高,59.033897,5.2,59,0,121.536995,25.022829,121.537706,25.022929,大安,大安
89,ZHJS620,信義路   松智路-松仁路,30.707317,16.5,41,1,121.565399,25.032889,121.568292,25.032824,信義,信義
90,ZHJRJ60,信義路往西 松仁路-松智路,43.8,5.6,70,0,121.568292,25.032824,121.565399,25.032889,信義,信義
91,ZIXJ740,金山南路  忠孝東路-仁愛路,32.49074,21.2,216,1,121.529195,25.040822,121.528753,25.039461,中正,中正
92,ZJBJ900,金山南路  仁愛路-忠孝東路,37.08772,2.5,57,0,121.528753,25.039461,121.529195,25.040822,中正,中正
93,ZJGIK00,杭州南路  仁愛路-忠孝東路,38.57143,1.5,28,0,121.525743,25.040149,121.526155,25.041555,中正,中正
94,ZW7HN20,中正路    承德路-文林路,27.77027,5.7333336,74,1,121.520032,25.093353,121.52189,25.094385,士林,士林
95,ZVEGK60,中正路    文林路-承德路,26.835052,5.866667,97,1,121.517705,25.091808,121.516492,25.091,士林,士林
96,Z4010A0,水源快往北 中正路-景美,52.982456,9.133333,114,1,121.537138,24.990059,121.535867,24.995893,文山,文山
97,ZQEIH20,民族東路  中山北路-新生北路,40.06818,1.6,44,1,121.52287,25.068435,121.525754,25.068352,中山,中山
98,ZIME560,桂林路    中華路-康定路,54.842106,1.1,19,0,121.505161,25.037755,121.503844,25.037994,萬華,萬華
99,ZWVFW00,承德路    中正路-洲美路,50.764706,1.95,102,1,121.514055,25.095974,121.513358,25.097673,士林,士林
100,ZVVGB40,承德路    基河路-中正路,62.840908,1.2,44,0,121.514055,25.095974,121.515635,25.092104,士林,士林
101,ZL6RM20,八德路    基隆路-東興街,21.5,1,12,0,121.565482,25.048949,121.566246,25.049028,松山,松山
102,ZYRGM00,文林北路  德行西路-承德路,41.064934,1.9333334,77,0,121.520753,25.102234,121.516615,25.106103,士林,北投
103,ZY9H840,文林北路  承德路-德行西路,41.75,0.7333333,24,0,121.520753,25.102234,121.519637,25.103231,士林,士林
104,ZQFHV60,民族東路  新生北路-中山北路,33.25,8.2,88,1,121.525754,25.068352,121.52287,25.068435,中山,中山
105,ZJHKR40,建國南路  忠孝東路-仁愛路,35.13793,1.65,58,1,121.536709,25.04837,121.537077,25.041706,中山,大安
106,Z3MER00,承德路    文林北路-吉利街,47.79208,3.0666668,101,1,121.509235,25.112448,121.507131,25.11437,北投,北投
107,ZIPIZ00,金山南路  信義路-仁愛路,43.853657,1.7,41,0,121.527273,25.034049,121.528341,25.038252,大安,中正
108,ZDYJC40,金山南路  仁愛路-信義路,42.62857,2.7,70,0,121.528341,25.038252,121.527273,25.034049,中正,大安
109,Z2PK0E0,水源快往南 景美下匝道,50.491226,11.4,57,1,121.535292,24.996016,121.535838,24.996001,文山,文山
110,Z1011A0,建國快往北 信義路上匝道,42.918034,12,61,1,121.537818,25.0344,121.538066,25.035569,大安,大安
111,ZEZPT20,和平東路  基隆路-臥龍街,41.913044,3.9,46,0,121.554649,25.022385,121.555547,25.021515,大安,大安
112,ZT8SZ60,內湖路一段洲子街至591巷(往西),42.204544,3.5,44,0,121.574142,25.080433,121.573152,25.080771,內湖,內湖
113,Z5062G0,市高往西  中華環河,41.73874,12.4,111,1,121.507229,25.051022,121.497869,25.040065,大同,萬華
114,ZKGKP60,八德路    復興北路-建國北路,33.692307,4.2,26,0,121.540508,25.046713,121.53666,25.046059,中山,中山
115,ZKLLH20,八德路    建國北路-復興北路,48.23077,2.6,26,0,121.53666,25.046059,121.540508,25.046713,中山,中山
116,ZLRKQ40,建國北路  南京東路-長安東路,35.460316,1.4000001,252,1,121.536846,25.054734,121.536785,25.051981,中山,中山
117,ZSPRA00,基湖路    樂群一路-堤頂大道,39.5,0.6,4,0,121.563198,25.07606,121.56434,25.078683,中山,中山
118,ZRKQZ40,基湖路    堤頂大道-樂群一路,36,0.2,2,0,121.56434,25.078683,121.563198,25.07606,中山,中山
119,ZJES820,忠孝東路往東 基隆路-松仁路,32.38372,5.6,86,1,121.564465,25.041144,121.568686,25.041038,信義,信義
120,ZT9NN00,明水路    北安路-樂群一路,45.1,0.6,10,0,121.552044,25.079984,121.551448,25.081855,中山,中山
121,ZJERC60,忠孝東路往西 松仁路-基隆路,31.847328,26.2,131,1,121.568686,25.041038,121.564465,25.041144,信義,信義
122,Z6160C5,環東出城  彩虹經貿5,76.75,2.5,84,0,121.584863,25.058616,121.616541,25.062585,內湖,南港
123,ZFVKW40,建國南路  和平東路-信義路,42.836067,1.5,61,1,121.537804,25.033479,121.537671,25.025634,大安,大安
124,ZJ7KV40,建國南路  仁愛路-忠孝東路,40.690475,1.4,42,0,121.537077,25.041706,121.537714,25.040142,大安,大安
125,ZIKQU50,基隆路   忠孝東路-松高路,44.41379,6.5,58,1,121.564465,25.041144,121.562308,25.037523,信義,信義
126,Z50C2A0,環河快往北 貴陽街下匝道,53.25,2,8,0,121.497869,25.040065,121.497708,25.039438,萬華,萬華
127,ZSPRA60,堤頂大道  樂群一路-基湖路,42.913044,9.8,46,1,121.569426,25.078862,121.56434,25.078683,內湖,中山
128,ZQFGY00,承德路    民權西路-民族西路,41.5,3.2,68,1,121.51833,25.065841,121.51841,25.068495,大同,大同
129,ZHMM620,信義路三段 信義路三段137巷-復興南路,35.491802,4.5,61,-1,121.541896,25.033392,121.54359,25.033358,大安,大安
130,ZGIA660,萬板橋入城,58.77778,1.3,9,0,121.491766,25.028754,121.483512,25.028455,萬華,板橋
131,ZN0F0E0,新生高    民族東路-中山北路,55.63063,6.8,111,0,121.528063,25.068378,121.526515,25.074494,中山,中山
132,ZJFPW00,光復南路 仁愛路-忠孝東路,24.947369,7.7333336,76,1,121.557619,25.039319,121.557658,25.041314,大安,大安
133,Z1020A0,建國快往北 信義仁愛,78.33577,2.2666667,137,0,121.538066,25.035569,121.537963,25.035707,大安,大安
134,ZNZLJ40,龍江路    民族東路-民權東路,42.103447,2,29,0,121.540932,25.064271,121.540833,25.062186,中山,中山
135,ZQDLJ00,龍江路    民權東路-民族東路,57.882355,3,51,0,121.540969,25.065968,121.541008,25.068081,中山,中山
136,ZP8GX40,承德路    民族西路-民權西路,37.95402,2.6666667,87,1,121.51833,25.065841,121.518278,25.062871,大同,大同
137,ZNNFY00,重慶北路  民權西路-南京西路,45.81579,2.3333333,76,0,121.513643,25.059222,121.513561,25.060757,大同,大同
138,Z42B1D0,水源快往南 福和橋上匝道,36,1.8,6,0,121.530617,25.008151,121.533013,25.007735,永和,文山
139,ZL5GL60,市民大道  中山北路-重慶北路,39.393444,4,122,0,121.51485,25.049052,121.516424,25.048776,中正,大同
140,Z4040H0,水源快往北 福和橋-師大路,65.01124,8,89,0,121.533376,25.008195,121.522921,25.020336,文山,中正
141,ZSPRA40,基湖路    內湖路-堤頂大道,34.4375,0.6,16,0,121.565014,25.080811,121.56434,25.078683,內湖,中山
142,ZLNUW60,南港路    向陽路-東新街,31.469387,4.133333,49,1,121.584268,25.052253,121.582729,25.051681,南港,南港
143,ZMBWS20,南港路    東新街-向陽路,41.36842,1.6,19,0,121.589774,25.053369,121.591869,25.054074,南港,南港
144,ZK6L860,市民大道  敦化北路-建國北路,34.74312,3.8,109,1,121.542382,25.04463,121.539487,25.044487,大安,中山
145,ZHHDF60,艋舺大道  和平西路-西園路,38.60784,2.7,51,1,121.502278,25.033143,121.500523,25.032815,萬華,萬華
146,Z42K2C0,水源快往南 華中橋下匝道,41.608696,5,46,0,121.494898,25.016515,121.495752,25.01651,萬華,萬華
147,ZHPEB20,艋舺大道  西園路-和平西路,32.017857,5.6,56,1,121.502278,25.033143,121.504857,25.033775,萬華,萬華
148,ZN8PT60,民生東路  松江路-新生北路,46.2,2.4,35,0,121.533133,25.057916,121.5302,25.057963,中山,中山
149,ZELJA00,羅斯福路  新生南路-辛亥路,48.6,1.8,100,0,121.530654,25.018292,121.529263,25.019696,大安,中正
150,ZN5JX20,民生東路  新生北路-松江路,38.214287,3.7,56,1,121.531548,25.05794,121.533133,25.057916,中山,中山
151,Z2ASP40,木柵路    萬芳路-秀明路,46.465115,2,43,1,121.571743,24.994856,121.571124,24.991654,文山,文山
152,Z6120C0,環東出城　正氣橋,61.92806,8.3,139,0,121.568371,25.047235,121.570605,25.051011,信義,松山
153,ZKVJB60,長安東路  林森北路-新生北路,40.225807,2.6,31,1,121.531457,25.048461,121.529603,25.048152,中山,中山
154,Z5050A0,環河快往北 西園華江,61.469387,3.0666668,49,0,121.490902,25.024775,121.491949,25.036359,萬華,萬華
155,ZJVRL10,基隆路地下道 忠孝東路-松隆路,35.78,20.1,50,1,121.564465,25.041144,121.565833,25.043405,信義,信義
156,ZI6I900,杭州南路  愛國東路-信義路,31.48936,1.1333334,47,1,121.526759,25.034259,121.524326,25.035441,中正,中正
157,ZH9H820,艋舺大道  西藏路-西園路,40.814816,7.8,54,0,121.517578,25.030716,121.519078,25.031604,中正,中正
158,Z6160C3,環東出城  彩虹經貿3,67.90426,3.3,94,1,121.584863,25.058616,121.616541,25.062585,內湖,南港
159,Z9201A0,E_I-S-EN2,49.08108,9.4,37,0,121.574585,25.032953,121.572958,25.032894,信義,信義
160,Z9250A0,信快往北  文山隧道,72.166664,5.0666666,108,0,121.579738,25.018145,121.581259,25.008189,信義,文山
161,ZK6P820,市民大道  敦化北路-光復北路,36.05,2.6,80,0,121.548883,25.044805,121.553786,25.044118,大安,大安
162,ZCZLY20,基肆段四一　參一五五,41.592106,3.4,76,0,121.542591,25.015721,121.543252,25.012821,大安,大安
163,ZMEJW40,松江路    民生東路-南京東路,38.27451,3.3333333,51,0,121.533133,25.057916,121.53307,25.054793,中山,中山
164,Z42B0D0,水源快往南 永福橋-基隆路,67.96154,1.9,52,0,121.526604,25.01364,121.533013,25.007735,中正,文山
165,ZKJEP40,西寧北路  忠孝西路-峨嵋街,34.714287,2.8,70,0,121.507322,25.047561,121.50703,25.046542,萬華,萬華
166,Z12E2E0,建國快往南 仁愛路下匝道,51.86,9.4,50,1,121.53758,25.034605,121.537276,25.035457,大安,大安
167,Z1NMM20,木柵路    興隆路-和興路,33.725273,4.5,91,1,121.544017,24.988469,121.545971,24.986729,文山,文山
168,Z3UNW00,仰德大道三段    陽明山國小(往北),41.930233,6.2,43,1,121.54889,25.1107,121.551667,25.117551,士林,士林
169,Z0140C0,市高往東  新生建國,49.128204,10.1,195,1,121.530467,25.045874,121.536157,25.044318,中正,大安
170,ZJUDT20,成都　　康定路(往東),30.52381,1.2,21,0,121.491489,25.048635,121.502627,25.043524,三重,萬華
171,Z4261E0,水源快往南 泉州街上匝道,37,5,21,0,121.512416,25.024226,121.513597,25.023891,松山,中正
172,ZSNRE00,瑞光路    港墘路-基湖路,42.076923,1,13,0,121.572759,25.077324,121.567487,25.079736,內湖,內湖
173,Z03A0G1,市高往西  光復延吉,58.533863,10.1,251,1,121.567512,25.045891,121.557667,25.045468,信義,松山
174,Z1VJK40,環河路   二號疏散門-秀朗大橋(往南),60.77551,9.133333,147,0,121.53572,24.995697,121.530923,24.988878,文山,新店
175,ZI6NV00,敦化南路  信義路-仁愛路,49.130436,3,23,0,121.548802,25.033249,121.548841,25.035388,大安,大安
176,ZHLN740,敦化南路  仁愛路-信義路,58.761906,2.2,21,0,121.548833,25.037835,121.548802,25.033249,大安,大安
177,ZQGFY00,重慶北路  民權西路-民族西路,43.88095,2.1333334,42,0,121.513726,25.06721,121.513732,25.068611,大同,大同
178,ZG7EQ00,中華路    和平西路-水源路,28.945454,33.8,55,1,121.508164,25.025855,121.507077,25.026744,中正,中正
179,ZP8FZ40,重慶北路  民族西路-民權西路,41.754097,3,61,0,121.513656,25.064666,121.51358,25.062987,大同,大同
180,ZGLKW40,建國北路  忠孝東路-長安東路,24.583334,18.5,60,1,121.537804,25.033479,121.537704,25.028757,大安,大安
181,Z1221E0,建國快往南 民權上匝道,69.89189,1.8,37,0,121.536437,25.061769,121.536694,25.061278,中山,中山
182,Z7HMH00,仰德大道四段　格致中學(往北),46.48649,7.6,37,0,121.552833,25.118928,121.545849,25.133805,士林,士林
183,ZN8PG40,光復北路  民權東路-民生東路,39.6875,3.4,16,0,121.554579,25.061882,121.555237,25.058251,松山,松山
184,Z5261F0,環河快往南 市民上匝道,44.430378,9.6,79,0,121.507229,25.051022,121.503459,25.046865,大同,萬華
185,ZNXPC00,光復北路  民生東路-民權東路,40.344826,4.8,29,0,121.555237,25.058251,121.554579,25.061882,松山,松山
186,ZNUNJ20,民權東路  復興北路-敦化北路,37.590164,1.4,61,0,121.547949,25.061889,121.550771,25.061481,松山,松山
187,ZJPEI60,成都路    中華路-康定路,40.367817,5.9,87,1,121.507588,25.04236,121.505934,25.042736,萬華,中正
188,ZNZM960,民權東路  光復北路-敦化北路,42.705883,1.1333333,51,0,121.54665,25.06193,121.544233,25.062201,松山,松山
189,Z03C0G1,市高往西  建國新生,66.85475,5.4,179,0,121.536126,25.045025,121.530571,25.046519,中山,中山
190,Z1001A0,建國快往北 辛亥路上匝道,48.808823,2,68,0,121.537577,25.022267,121.537706,25.022929,大安,大安
191,ZHPBV00,環河南路  雙園街-和平西路,40.375,1.8,24,0,121.49214,25.032861,121.493065,25.033878,萬華,萬華
192,ZT5QV00,堤頂大道  基湖路-樂群二路,40.70909,2.9,55,1,121.56434,25.078683,121.559676,25.079883,中山,中山
193,ZHKQD60,信義路往西 松智路-基隆路,42.089745,3.9,78,0,121.561346,25.032967,121.559573,25.033019,信義,信義
194,ZJCHS40,林森南路  忠孝東路-仁愛路,44.2,0.8,15,0,121.522651,25.042398,121.522239,25.041001,中正,中正
195,ZHKQP20,信義路   基隆路-松智路,35.541176,13.7,85,1,121.559573,25.033019,121.561346,25.032967,信義,信義
196,ZHMKW40,建國南路  信義路-和平東路,37.904762,1.2666667,42,1,121.537883,25.038065,121.537804,25.033479,大安,大安
197,Z9040A0,信快往北  文山象山間,57.879517,1.3333334,83,0,121.580073,25.018552,121.576318,25.021508,信義,信義
198,Z1040A0,建國快往北 忠孝長安,59.694065,10.933332,219,1,121.53712,25.042024,121.536836,25.046082,大安,中山
199,ZGKCG40,西園路    和平西路-西藏路,45.10204,0.8666667,49,0,121.49632,25.030111,121.495631,25.028687,萬華,萬華
200,ZHZD800,西園路    西藏路-和平西路,42.339622,1.3333333,53,0,121.49679,25.03104,121.499314,25.035256,萬華,萬華
201,ZWGIV60,中正路    雨農路-文林路,40.659794,5.9,97,1,121.530285,25.096196,121.527914,25.095754,士林,士林
202,ZWLJQ20,中正路    文林路-雨農路,39.117645,0.8,34,1,121.527914,25.095754,121.532081,25.096515,士林,士林
203,ZJGNY60,忠孝四段二一六(往西),36.069565,9,115,1,121.554487,25.041389,121.552971,25.041413,大安,大安
204,ZJGPC20,忠孝東路　延吉往東,37.888,4.9333334,125,1,121.552971,25.041413,121.554487,25.041389,大安,大安
205,ZLRHT40,中山北路　南京往南,48.17143,13,35,0,121.522714,25.054992,121.522574,25.05223,中山,中山
206,ZN5HV00,民生東　中山北(往北),52.105263,2.7,19,0,121.522714,25.054992,121.522845,25.05789,中山,中山
207,ZSSWC60,文德路　成功路(往西),41.896103,6.3,77,0,121.590956,25.080764,121.588796,25.078994,內湖,內湖
208,ZJSJD40,忠孝東　金山南(往南),29.6,7.9,55,1,121.529603,25.048152,121.529868,25.043122,中山,中正
209,ZDYJC00,金山南路  愛國東路-信義路,41.28,2.7,50,1,121.526847,25.031667,121.527273,25.034049,大安,大安
210,ZN8GX40,錦西街　萬全街(往南),37.39216,4.8,102,1,121.518217,25.060199,121.518189,25.058421,大同,大同
211,ZHMKV20,信義路三段 新生-建國,49,3.5,37,0,121.532731,25.033569,121.53769,25.033456,大安,大安
212,Z4210D0,水源快往南 西園路-華中橋,61.625,8.133333,120,1,121.490671,25.024055,121.494898,25.016515,萬華,萬華
213,ZN5IG20,民生東路  新生北路-林森北路,36.57895,2.4,38,0,121.522845,25.05789,121.525522,25.058043,中山,中山
214,Z8030A0,洲美往北　焚化廠南,63.946156,2.8,130,0,121.499176,25.102619,121.49904,25.106516,北投,北投
215,ZKXET20,忠孝西路  環河北路-塔城街,35.719513,4,82,1,121.506504,25.048891,121.507623,25.048617,大同,大同
216,ZGYER20,西藏路    中華路-汀州路,39.454544,1.1,22,0,121.504118,25.029995,121.507212,25.030643,北市,中正
217,ZBWQ840,辛亥隧道往南,43.04717,6.6,106,1,121.551931,25.014901,121.558644,25.007392,大安,文山
218,ZGUEI60,西藏路    汀洲路-中華路,52.904762,0.8,21,0,121.507212,25.030643,121.504118,25.029995,中正,中正
219,Z58AH60,大度路    模構溪-立德路,47.121212,10.733333,198,1,121.48143,25.122201,121.471407,25.122847,北投,北投
220,Z9211A0,信快往北  松仁匝道,43.775,5.95,120,0,121.568318,25.029953,121.572483,25.032742,信義,信義
221,ZK5JW60,八德路    建國北路-新生北路,34.055557,19,18,0,121.535607,25.045648,121.532877,25.044348,中山,中正
222,ZK7K820,八德路    新生南路-建國北路,27.526316,2,19,0,121.532877,25.044348,121.533978,25.044651,北市,大安
223,Z0120C0,市高往東  中華承德,65.98026,13.4,152,0,121.507058,25.050409,121.51467,25.048847,大同,中正
224,Z2330G0,基隆快往西 羅斯福水源,57.71698,5,53,1,121.544659,25.017366,121.530824,25.020955,大安,大安
225,Z6171C0,環東出城　園區匝道,0,0,0,0,121.506687,25.050471,121.617806,25.06217,大同,南港
226,ZLRJX20,南京東路二段 一江街-松江路,36.662163,11.6,74,1,121.531502,25.052036,121.533019,25.052022,中山,中山
227,Z1070A0,建國快往北 民權民族,65.19444,13.4,180,0,121.537105,25.061758,121.534361,25.067295,中山,中山
228,Z1060A0,建國快往北 南京民權,68.32407,10.333333,216,1,121.536885,25.049528,121.537105,25.061758,中山,中山
229,Z4VDD40,承德路    文林北路-基河路,49.333332,1.7,90,1,121.511369,25.110509,121.511874,25.105578,北投,北投
230,Z9010A0,信快往北  木柵入口,63.6,2.4,25,0,121.576575,25.000181,121.581303,25.006138,文山,文山
231,ZQKWL00,成功路    南京東路-民權東路,40.88889,2.6,54,1,121.590519,25.066068,121.590899,25.068947,內湖,內湖
232,ZMGXG60,重陽路    興華路-向陽路,35.266666,10.4,15,0,121.598271,25.056224,121.594905,25.054847,南港,南港
233,ZNF3G20,重陽路　惠民街(往東),49.36842,1.4,19,0,121.606675,25.058095,121.609822,25.059111,南港,南港
234,ZQ6WK40,成功路    民權東路-南京東路,33.194805,16.1,77,1,121.590704,25.067539,121.59085,25.062844,內湖,內湖
235,ZSJJX20,北安路    中山北路-明水路,39.0597,2.6,67,1,121.529016,25.077748,121.533201,25.07804,中山,中山
236,Z12G2E0,建國快往南 辛亥路下匝道,49.10294,8.8,68,0,121.537288,25.02406,121.537597,25.02226,大安,大安
237,ZSBID60,北安路    明水路-中山北路,47.149254,2.2,67,0,121.537561,25.077789,121.526877,25.075986,中山,中山
238,ZSVMA00,濱江街　　大直橋(往北),58.51613,0.8666667,31,0,121.543941,25.072376,121.544439,25.079732,中山,中山
239,ZRCM940,北安路　　大直橋(往南),46.548386,6.366667,31,1,121.544439,25.079732,121.543941,25.072376,中山,中山
240,ZINM760,仁愛路    敦化南路-復興北路,41.77778,1.4,36,1,121.546048,25.037891,121.54368,25.037944,大安,大安
241,ZP8GI60,承德路二段　大龍街(往西),36.635036,18.1,137,1,121.518278,25.062871,121.515958,25.062925,大同,大同
242,Z0UVS20,指南路三段      永興橋(往東),61.142857,0.6,7,0,121.580027,24.98502,121.586386,24.976445,文山,文山
243,Z2101B0,基隆快往東 水快上匝道,50.846153,14.6,65,1,121.534551,25.00649,121.530827,25.02096,文山,大安
244,Z6160C7,環東出城  彩虹經貿7,73.71698,2,53,0,121.584863,25.058616,121.616541,25.062585,內湖,南港
245,ZACTV20,木柵路    萬芳路-北二高,35.183334,10.2,60,1,121.574571,24.99815,121.575678,24.99959,文山,文山
246,ZIGHK40,信義路　林森南(往南),36.581394,4.3,86,1,121.521595,25.038764,121.521082,25.037023,中正,中正
247,Z6360G0,環東進城　麥帥一橋,63.44,2.4,75,0,121.574869,25.053861,121.570338,25.05153,內湖,松山
248,ZYBIB00,中山北路  德行東路-忠誠路,42.299065,4.2,107,1,121.525543,25.10247,121.524846,25.104025,士林,士林
249,Z8250E0,洲美往南　跨河橋段,61.265823,6.05,158,0,121.498123,25.099324,121.505458,25.085643,北投,士林
250,ZSHZU60,康寧路至康湖路,45.275864,3,29,0,121.606729,25.081554,121.607098,25.077512,內湖,內湖
251,ZJPEI40,西寧南路  峨嵋街-內江街,46.42105,2.9,57,0,121.506196,25.043665,121.505934,25.042736,萬華,中正
252,ZMZL960,民生東路  建國北路-龍江路,39.313435,1.5999999,67,0,121.540695,25.057808,121.539169,25.057813,中山,中山
253,ZL7TM20,松信路　虎林街(南)(往東),36.793102,3.7,58,1,121.572245,25.049145,121.57598,25.049096,信義,信義
254,ZN2B0E0,新生高    民族東路-常春路,75.28,4.6,75,0,121.527501,25.06841,121.527276,25.054868,中山,中山
255,Z4060G0,水源快往北 泉州街-青年路,47.166668,2.2,48,0,121.512387,25.024256,121.504086,25.020046,中正,萬華
256,ZT6HS40,後港街 承德路(往南),47.145454,3.4,55,0,121.523127,25.082165,121.522417,25.080732,士林,士林
257,ZJHM700,復興南路  八德路-仁愛路,44.323944,1.5999999,71,1,121.54368,25.037944,121.543766,25.041609,大安,永和
258,ZDTJW00,羅斯福路  舟山路-新生南路,43.896225,3.1333332,106,0,121.615422,25.045239,121.532676,25.016353,南港,中正
259,ZRTHD00,承德路    民族東路-劍潭路,48.590908,1.2,44,0,121.519133,25.073025,121.520143,25.075179,大同,大同
260,ZRTHD40,敦煌路　承德路(往南),54.66,1.5333333,50,0,121.522147,25.080219,121.520143,25.075179,士林,大同
261,ZTZY920,成功四段三二四(往東),26.23077,15.3,26,1,121.595225,25.084187,121.598776,25.084678,內湖,內湖
262,Z3ZT820,至善路    中社路-產業道路,0,0,0,0,121.565678,25.11311,121.573992,25.11632,士林,士林
263,ZDKJT00,思源街    永福橋-汀州路,64.5,2.4,74,0,121.536299,25.01095,121.532225,25.015082,文山,中正
264,ZM210E0,復北地下道往南,58.59722,5.8,72,0,121.543685,25.050707,121.54364,25.04787,中山,中山
265,Z4250B0,水源快往南 富民街-泉州街,71.754715,1.2,53,0,121.500586,25.017449,121.508576,25.022303,萬華,萬華
266,ZD9JF40,思源街    汀州路-永福橋,76.46154,2.8,78,0,121.532225,25.015082,121.530038,25.013374,中正,中正
267,ZEFMN60,辛亥路    辛亥隧道-基隆路,50.18644,3.4666665,59,0,121.549057,25.017007,121.546649,25.019146,大安,大安
268,ZR9F600,環河北路  民族西路-敦煌路,64.847824,4.5,46,0,121.509153,25.068699,121.509138,25.072157,大同,大同
269,ZGKCG60,西藏路    萬大路-西園路,45.11111,2,27,0,121.499181,25.029343,121.495631,25.028687,萬華,萬華
270,ZGQDF20,西藏路    西園路-萬大路,34.816902,1.4,71,1,121.499181,25.029343,121.500538,25.029393,萬華,萬華
271,ZMZM900,復興北路  民族東路-民生東路,34.426666,8.933333,75,1,121.544127,25.056089,121.544144,25.05775,中山,中山
272,Z36Q560,至善路    產業道路-中社路,56.666668,1,3,0,121.565678,25.11311,121.558682,25.111972,士林,士林
273,ZGXF860,和平西路  重慶南路-南海路,44.511112,1,45,0,121.512031,25.029038,121.509164,25.030546,中正,中正
274,Z8220E1,洲美往南  焚化廠北,70.00901,7.2,111,0,121.499415,25.116407,121.49941,25.11623,北投,北投
275,ZGMFQ20,和平西路  南海路-重慶南路,25.258064,0.7,62,1,121.509164,25.030546,121.512031,25.029038,中正,中正
276,ZJFQQ60,忠孝東路  基隆路-逸仙路,36.765957,3.6,94,1,121.562731,25.041187,121.561582,25.041218,信義,信義
277,ZJERC20,忠孝東　基隆路(往東),42.300972,3.8,103,1,121.562731,25.041187,121.564465,25.041144,信義,信義
278,ZAWVC20,木柵路    北二高-新光路,37,0.8,9,0,121.581922,25.002392,121.583965,25.002943,文山,文山
279,Z1010A0,建國快往北 辛亥信義,62.045803,11.5,131,1,121.537706,25.022929,121.538066,25.035569,大安,大安
280,ZN5IG00,林森北路  長春路-民生東路,33.805557,6.6,36,0,121.525459,25.05491,121.525522,25.058043,中山,中山
281,ZIVGU40,中山南路  忠孝西路-仁愛路,51.423077,0.9,26,0,121.518155,25.040708,121.517742,25.039274,中正,中正
282,ZHBGA40,重慶南路  愛國西路-南海路,43.413334,1.2666667,75,0,121.512464,25.035284,121.514412,25.031891,中正,中正
283,ZKEHB00,中山南路  仁愛路-忠孝東路,36.671642,3.6,67,0,121.519251,25.044496,121.519583,25.045632,中正,中正
284,ZJMHU00,林森南路  仁愛路-忠孝東路,31.5,0.7,32,1,121.522239,25.041001,121.522651,25.042398,中正,中正
285,ZHYFT00,重慶南路  南海路-愛國西路,44.22222,1.9333334,63,0,121.514412,25.031891,121.512464,25.035284,中正,中正
286,Z4220D0,水源快往南 華中橋,67.85366,1.4,41,0,121.494898,25.016515,121.49758,25.016044,萬華,萬華
287,ZG8IK60,和平西路  重慶南路-羅斯福路,38.40206,6.9,97,0,121.528519,25.02657,121.525914,25.026786,大安,大安
288,ZPYIH00,林森北路  民權東路-民族東路,38.444443,4,36,0,121.52569,25.064886,121.525708,25.066646,中山,中山
289,Z9011A0,E_I-N-EN1,50.849056,11.8,53,1,121.582283,25.004681,121.581303,25.006138,文山,文山
290,Z1231E0,建國快往南 長春路上匝道,44.382355,8.8,34,1,121.536882,25.056188,121.536593,25.053358,中山,中山
291,ZSEMV60,明水路    樂群一路-大直橋,46.525,2.4,40,1,121.549573,25.077276,121.54769,25.077409,中山,中山
292,ZHEPV00,光復南路 基隆路-信義路,29.84,2.2,25,0,121.557396,25.029389,121.557448,25.032115,信義,信義
293,ZFYKD00,新生南路  和平東路-信義路,42.2549,2.9333332,51,1,121.534622,25.023993,121.534868,25.026023,大安,大安
294,ZF9KB40,新生南路  和平東路-辛亥路,36.833332,2.2666667,54,1,121.534622,25.023993,121.534426,25.022386,大安,大安
295,ZK6NY60,市民大道  敦化北路-復興北路,36.264366,1.6,87,0,121.556753,25.044929,121.553044,25.044518,松山,松山
296,Z0150C2,市高往東  敦化延吉,66.556755,3.8666668,185,0,121.536157,25.044318,121.557631,25.044761,大安,大安
297,ZGQDF40,萬大路    莒光路-西藏路,34.4,1.2,10,0,121.500522,25.030287,121.500538,25.029393,萬華,萬華
298,ZKNIV20,市民大道  中山北路-金山北路,63.491524,2.7,59,0,121.526052,25.047514,121.527755,25.047066,中山,中山
299,ZHMML20,信義路四段  復興南路-大安路一段,41.636364,4.3,55,0,121.54359,25.033358,121.545959,25.033314,大安,大安
300,ZJERC51,基隆路地下道 忠孝東路-仁愛路,62.314285,6,70,1,121.565833,25.043405,121.564465,25.041144,信義,信義
301,Z1260E0,建國快往南 忠孝仁愛,62.4346,13.333334,237,1,121.536373,25.043022,121.53757,25.039532,大安,大安
302,ZH6DG00,萬大路    西藏路-莒光路,47,1,12,0,121.500522,25.030287,121.500585,25.031153,萬華,萬華
303,Z03D0G1,市高往西  林森中山,66.75781,5.333333,256,0,121.530571,25.046519,121.515178,25.049521,中山,大同
304,ZISCI20,華江橋(往東),58.42857,2,7,0,121.490868,25.02446,121.496048,25.038815,萬華,萬華
305,Z10E2A0,建國快往北 南京東路下匝道,52.975,7.8,40,1,121.537032,25.049729,121.537172,25.050783,中山,中山
306,ZHWGD60,愛國東路  杭州南路-中山南路,45.125,0.8,16,0,121.518563,25.034125,121.516465,25.034882,中正,中正
307,ZJHML60,忠孝東路  敦化南路-大安路,47.822918,2.4666667,96,0,121.547184,25.041543,121.546144,25.041556,大安,大安
308,ZRPSV00,堤頂大道  舊宗路-港墘路,37.80282,2.6666667,71,1,121.576457,25.06894,121.573105,25.072745,內湖,內湖
309,ZM7PP60,健康路    三民路-光復北路,40.096775,1.7,31,0,121.558071,25.053771,121.556594,25.05365,松山,松山
310,ZQDLJ20,民族東路  松江路-復興北路,43.714287,2.3,42,0,121.53628,25.068161,121.541008,25.068081,中山,中山
311,Z6150C1,環東出城  堤頂舊宗,74.72222,2.3,72,0,121.577483,25.054945,121.584863,25.058616,內湖,內湖
312,ZM9QH20,健康路    光復北路-三民路,45.333332,1,21,0,121.558071,25.053771,121.56048,25.053961,松山,松山
313,ZHLM800,復興南路  信義路-和平東路,37.608696,4.9333334,92,1,121.543451,25.026525,121.543515,25.029802,大安,大安
314,ZGKBM20,萬板橋出城,54.13793,3.4,29,0,121.483512,25.028455,121.491766,25.028754,萬華,萬華
315,ZPMSV41,堤頂大道  港墘路-舊宗路,27.460432,7.0666666,139,1,121.574644,25.068974,121.572434,25.064893,內湖,內湖
316,ZEFMN20,辛亥路    基隆路-復興南路,45.45238,3.8,42,0,121.543359,25.021244,121.546649,25.019146,大安,大安
317,Z3120C0,辛亥高架 泰順新生,64.291664,7.9,96,0,121.533311,25.022528,121.535353,25.022591,中正,大安
318,ZKRM820,八德路    敦化北路-復興北路,28.61111,1.9,36,1,121.542155,25.047122,121.543931,25.047549,中山,松山
319,Z52C2E0,環河快往南 西藏路下匝道,24.6875,7.4,16,0,121.490064,25.030402,121.488264,25.029653,萬華,萬華
320,Z4271C0,水源快往南 中正橋上匝道,43,9.2,32,0,121.51642,25.021821,121.517301,25.021244,中正,中正
321,Z1SNV00,辛亥路    懷恩隧道-光輝路,40.10204,2,49,1,121.554194,24.984829,121.552345,24.987798,文山,文山
322,Z8211A0,洲美往南　大度匝道,71.48485,9.4,99,0,121.464409,25.123727,121.499415,25.116407,北投,北投
323,ZN5KR00,建國北路  南京東路-民生東路,42.372883,2,59,0,121.536882,25.056188,121.536919,25.057858,中山,中山
324,ZFTLH60,和平東路  復興南路-新生南路,47.639534,4.466666,86,1,121.537671,25.025634,121.538839,25.025476,大安,大安
325,ZPLJF00,吉林路    民生東路-民族東路,40.4,1.6,30,0,121.530299,25.062549,121.530368,25.064806,中山,中山
326,ZP6JF40,吉林路    民族東路-民生東路,34.6,3.2,25,0,121.530368,25.064806,121.530299,25.062549,中山,中山
327,ZPLKP40,建國北路  民權東路-民族東路,33.666668,3.2,54,1,121.533307,25.068208,121.536732,25.064882,中山,中山
328,Z6330G8,環東出城  經貿彩虹8,68.82758,2.4,87,0,121.616641,25.062923,121.584603,25.059069,南港,內湖
329,ZMZLI20,民生東路  復興北路-龍江路,44.057693,1.6,52,0,121.539169,25.057813,121.540695,25.057808,中山,中山
330,Z2110C0,基隆快往東 水源辛亥,54.857143,2.1,105,1,121.530827,25.02096,121.544666,25.017367,大安,大安
331,ZI9RW20,松壽路   松智路-松仁路,32.357143,1.8666666,28,0,121.563529,25.035884,121.567572,25.035815,信義,信義
332,ZDZMB40,基隆路    辛亥路-台科大,38.699028,5,103,0,121.546649,25.019146,121.544332,25.017186,大安,大安
333,ZAGPE40,辛亥路    懷恩隧道-興隆路,36.3125,5.2,64,1,121.556818,25.004519,121.554592,25.000826,文山,文山
334,ZI9RI20,松壽路往東 市府路-松智路,30.018867,6.8,53,1,121.56134,25.035929,121.565462,25.03585,信義,信義
335,ZJERC40,基隆路    松隆路-忠孝東路,40.28846,9.8,104,1,121.565833,25.043405,121.564465,25.041144,信義,信義
336,ZI9R760,松壽路   松智路-市府路,18.09091,16.933332,33,2,121.565462,25.03585,121.563529,25.035884,信義,信義
337,Z03B0G0,市高往西  延吉復興,62.8,4.2,195,1,121.557667,25.045468,121.536126,25.045025,松山,中山
338,ZNLJX20,松江路    民生東路-民權東路,35.285713,2.6666667,49,1,121.534848,25.060294,121.533173,25.0603,中山,中山
339,ZN0D0E0,新生高    民生東路-民權東路,69.86842,8.5,114,1,121.527835,25.058021,121.52792,25.062621,中山,中山
340,ZGBGJ40,重慶南路  寧波西路-和平西路,50.81356,3.266667,236,0,121.515285,25.029776,121.515958,25.027246,中正,中正
341,ZGSGF00,重慶南路  和平西路-寧波西路,45.572727,4.4,110,0,121.515958,25.027246,121.515285,25.029776,中正,中正
342,ZLAFP60,市民大道  重慶北路-環河北路,45.648853,6.6,131,0,121.513315,25.049428,121.511989,25.049902,大同,中正
343,ZNUNJ00,敦化北路  民生東路-民權東路,47.736843,2.3,19,0,121.54901,25.057696,121.550771,25.061481,松山,松山
344,ZKWPX40,光復北路  南京東路-八德路,38.963634,1.3,55,1,121.557308,25.051544,121.557818,25.048184,松山,松山
345,ZL7PX00,光復北路  八德路-南京東路,44.38298,1.7,47,0,121.557818,25.048184,121.557842,25.049114,松山,松山
346,ZMYN840,敦化北路　民生往南,41,1,2,0,121.550771,25.061481,121.54901,25.057696,松山,松山
347,ZP8GX00,承德路    民生西路-民權西路,41.61628,2.0666668,86,1,121.518217,25.060199,121.518278,25.062871,大同,大同
348,ZT9FV00,重慶北路  酒泉街-後港街,44.512398,7.799999,121,0,121.51379,25.072899,121.51312,25.081036,大同,士林
349,Z1030A0,建國快往北 仁愛忠孝,65.69546,10.8,220,0,121.537963,25.035707,121.53712,25.042024,大安,大安
350,Z0150C0,市高往東  復興敦化,70.47087,3.4666665,206,0,121.536157,25.044318,121.557631,25.044761,大安,大安
351,Z2WUA20,新光路    動物園-木柵路,47.444443,0.6,9,0,121.57732,24.997002,121.578691,24.997827,文山,文山
352,ZRNIF00,中山北路三段 酒泉街-新生北路三段,49.59542,5.6,131,0,121.523485,25.070698,121.525379,25.074262,中山,中山
353,ZBQP700,辛亥路    萬美街-辛亥隧道,43.487804,7,41,0,121.558153,25.006067,121.558542,25.006661,文山,文山
354,Z3AIL00,中山北路  德行東路-士東路,42.704544,3.2,88,0,121.525253,25.108709,121.526529,25.112758,士林,士林
355,ZPMSV40,堤頂大道  舊宗路-民權東路,44.367645,3.4,68,1,121.574644,25.068974,121.572434,25.064893,內湖,內湖
356,ZNUNJ60,民權東路 光復北路-敦化北路,48.960785,1.2,51,1,121.554579,25.061882,121.550771,25.061481,松山,松山
357,ZRPSV01,堤頂大道  民權東路-高速公路,52.46018,3.1999998,113,0,121.576457,25.06894,121.573105,25.072745,內湖,內湖
358,Z6130C0,環東出城　麥帥一橋,54.140186,4,107,0,121.570605,25.051011,121.574927,25.05342,松山,松山
359,ZFDGP01,中正橋 還河東路-重慶路三段,45.933334,6.2,90,1,121.515555,25.017611,121.516852,25.023044,永和,中正
360,ZINJW00,新生南路  信義路-仁愛路,46.444443,2,27,0,121.532746,25.037009,121.53279,25.038146,中正,大安
361,ZHNJV40,新生南路  仁愛路-信義路,54.25714,2.4,35,0,121.532746,25.037009,121.532731,25.033569,中正,大安
362,Z4270C0,水源快往南 泉州街-中正橋,55.819443,2.8,72,0,121.513597,25.023891,121.517301,25.021244,中正,中正
363,Z9240A0,信快往北  象山文山間,63.279068,5.6666665,86,0,121.575894,25.021053,121.579738,25.018145,信義,信義
364,ZZYII40,中山北路  士東路-德行東路,41.277107,7.9,83,0,121.526529,25.112758,121.525253,25.108709,士林,士林
365,ZMTHB60,民生西路  中山北路-雙連站,34.407406,4.4,27,0,121.522845,25.05789,121.519722,25.057522,中山,大同
366,ZSQVZ20,文德路101巷至220巷(往東),49.309525,5,42,0,121.583619,25.0785,121.588002,25.078799,內湖,內湖
367,ZQKVX60,民權東往西　成功路-瑞光路,39.52941,6.3,51,1,121.590899,25.068947,121.587837,25.069049,內湖,內湖
368,ZN5HV20,民生西　中山北(往東),30.025,6,40,1,121.519722,25.057522,121.522845,25.05789,大同,中山
369,Z1230E0,建國快往南 民權長春,62.356224,12.199999,233,1,121.536694,25.061278,121.536593,25.053358,中山,中山
370,Z6330G6,環東出城  經貿彩虹6,79.96429,1.2,56,0,121.616641,25.062923,121.584603,25.059069,南港,內湖
371,ZRPSV70,舊宗路    陽光街-港墘路,41.648148,4.7,54,1,121.573533,25.073059,121.573105,25.072745,內湖,內湖
372,Z03E0G0,市高往西  承德重慶,61.205,7.7,200,0,121.515178,25.049521,121.507229,25.051022,大同,大同
373,Z9060A0,信快往北  象山出口,43.605633,7,71,0,121.573107,25.030611,121.573047,25.032337,信義,信義
374,ZKSIE60,市民大道  金山北路-中山北路,44.24286,3.6,140,0,121.527755,25.047066,121.526052,25.047514,中山,中山
375,Z0140C1,市高往東  建國復興,72.019356,4.6,155,0,121.530467,25.045874,121.536157,25.044318,中正,大安
376,ZQKWL20,民權東往東  瑞光路-成功路,44.508774,5.2,57,1,121.587837,25.069049,121.590899,25.068947,內湖,內湖
377,ZLGGYA0,洲美往北　北投匝道,58.666668,1.8,6,0,121.49904,25.106516,121.518394,25.05062,北投,大同
378,Z4070G0,水源快往北 青年路-萬大路,40.333332,2.7,51,0,121.504086,25.020046,121.496989,25.016621,萬華,萬華
379,ZINKW00,建國南路  信義路-仁愛路,42.36,0.7,50,0,121.537804,25.033479,121.537883,25.038065,大安,大安
380,Z1270E0,建國快往南 仁愛信義,64.640396,10.133333,203,0,121.53757,25.039532,121.53758,25.034605,大安,大安
381,Z5B2R60,大度路    貴子坑溪-模構溪,56.49704,4.266667,169,0,121.466877,25.123214,121.48143,25.122201,北投,北投
382,ZFZK620,和平東路  羅斯福路-師大路,47.065216,0.6666667,46,0,121.5316,25.026315,121.53362,25.026172,大安,大安
383,ZGTHG00,羅斯福路  和平東路-愛國東路,37,0.33333334,45,0,121.521698,25.028038,121.520388,25.029839,中正,中正
384,ZG9HT40,羅斯福路  愛國西路-和平東路,3.2307692,0.13333334,52,2,121.521698,25.028038,121.522427,25.027033,中正,中正
385,Z8230E0,洲美往南　焚化廠南,67.23009,2,113,0,121.49941,25.11623,121.498718,25.102344,北投,北投
386,Z12B2E0,建國快往南 民權下匝道,45.21839,16.4,87,1,121.534354,25.067292,121.535398,25.065588,中山,中山
387,ZG9HT60,和平東路  師大路-羅斯福路,41.38318,2.3333335,107,1,121.523913,25.026947,121.522427,25.027033,大安,中正
388,ZB5PL00,辛亥路    興隆路-萬美街,43.132076,8.2,53,0,121.556818,25.004519,121.558153,25.006067,文山,文山
389,ZB5PL40,辛亥路    萬美街-興隆路,30,31.4,30,1,121.558542,25.006661,121.558153,25.006067,文山,文山
390,ZNLHV00,中山北路  民權東路-錦州街,46.107143,1.1,28,0,121.522845,25.05789,121.522955,25.060336,中山,中山
391,ZNXPC60,民權東路  撫遠街-光復北路,41.984375,2.2,64,1,121.55916,25.062272,121.554579,25.061882,松山,松山
392,ZJVRL11,基隆路地下道 莊敬路-仁愛路,63.105263,9.2,95,1,121.564465,25.041144,121.565833,25.043405,信義,信義
393,Z4ZD520,大度路    立德路-大業路,46.912086,2.3333335,91,1,121.493555,25.121475,121.499801,25.121093,北投,北投
394,Z5AAF60,大度路    大業路-貴子坑溪,51.73729,3.4,118,0,121.48608,25.121852,121.466877,25.123214,北投,北投
395,ZTXQJ20,內湖路一段文湖路至91巷(往東),39.946236,6.933333,93,0,121.559698,25.084907,121.560812,25.084542,北市,內湖
396,ZKAHN20,忠孝東路  林森北路-館前路,44.078125,2.1333332,64,0,121.519583,25.045632,121.521632,25.045192,中正,中正
397,ZCPKT00,基隆路    羅斯福路-台科大,45.302082,6,96,0,121.538218,25.007991,121.537152,25.011119,文山,文山
398,ZMZM960,民生東路  敦化北路-復興北路,44,0.8666666,41,0,121.546215,25.057715,121.544144,25.05775,松山,中山
399,ZN5KR40,建國北路  民權東路-民生東路,48.056602,2.7,53,1,121.536969,25.060259,121.536919,25.057858,中山,中山
400,ZIBHV20,信義路　紹興南(往東),40.2,0.9333333,5,0,121.521082,25.037023,121.522744,25.036214,中正,中正
401,ZKWPX60,八德路    東興街?-光復北路,35.52174,1.2,23,0,121.558442,25.048245,121.557818,25.048184,松山,松山
402,ZKZQW20,八德路    光復南路-東興街,13.4375,0.5,16,0,121.560882,25.048488,121.562666,25.048662,松山,松山
403,ZN8PG00,光復北路  健康路-民生東路,32.5,4.6,14,0,121.555604,25.056218,121.555237,25.058251,松山,松山
404,ZM7PP40,光復北路  民生東路-健康路,39.285713,5.8,35,0,121.555604,25.056218,121.556594,25.05365,松山,松山
405,Z8010A2,洲美往北　跨河橋段,63.47619,6.6,105,-1,121.506719,25.084097,121.498531,25.099086,士林,北投
406,Z0130A1,市高往東  中山林森,67.81143,3.5333335,175,0,121.51467,25.048847,121.530467,25.045874,中正,中正
407,ZU8EF00,環河北路  敦煌路-葫蘆街,37.458565,5.5,181,0,121.508832,25.07502,121.505625,25.085657,大同,士林
408,Z2ZUI60,新光路    木柵路-動物園,43.238094,1.6,21,0,121.556306,24.983305,121.580062,24.998643,文山,文山
409,ZEWM560,辛亥路    復興南路-基隆路,40.553192,3,47,1,121.546649,25.019146,121.543359,25.021244,大安,大安
410,ZDTJT00,水源快 永春300巷-水源33巷,14.705882,5,17,0,121.525983,25.01505,121.523984,25.018132,中正,中正
411,ZLGGY60,長安西路  中山北路-承德路,43.87037,4.4,54,1,121.519978,25.05019,121.518394,25.05062,大同,大同
412,ZM64J60,忠孝東路  研究院路-向陽路,49.487804,3.7,41,1,121.616294,25.053162,121.615243,25.05304,南港,南港
413,ZP6IG60,民權東路  中山北路-新生北路,46.98361,1.8,61,1,121.527752,25.062621,121.525631,25.062674,中山,中山
414,Z6160C2,環東出城  彩虹經貿2,70.26596,3.2,94,0,121.584863,25.058616,121.616541,25.062585,內湖,南港
415,Z1CPB00,辛亥路    木新路-光輝路,36,2,21,0,121.553864,24.979865,121.554028,24.983214,文山,文山
416,Z1CPB40,辛亥路    光輝路-木新路,28.4,3.8,15,0,121.554194,24.984829,121.554028,24.983214,文山,文山
417,Z5280E0,環河快往南 中興橋,43.541668,2,24,0,121.501675,25.045449,121.500128,25.042897,萬華,萬華
418,Z6330G4,環東出城  經貿彩虹4,76.12791,2.2,86,0,121.616641,25.062923,121.584603,25.059069,南港,內湖
419,Z2120C0,基隆快往東 辛亥敦化,73.741936,1.1,31,0,121.544666,25.017367,121.547079,25.01946,大安,大安
420,ZK8LT20,市民大道  建國北路-復興北路,40.47778,2.8,90,1,121.539487,25.044487,121.542382,25.04463,中山,大安
421,ZKE4M40,研究院路  忠孝東路-舊莊路,43.603775,2.2,53,0,121.615421,25.046936,121.615422,25.045239,南港,南港
422,ZSGRX60,堤頂大道  港墘路-樂群一路,67.475,1,40,0,121.568616,25.077358,121.569426,25.078862,內湖,內湖
423,ZJHML20,忠孝東路  復興南路-大安路,40.013157,3.733333,76,1,121.543766,25.041609,121.546144,25.041556,永和,大安
424,ZQGFY40,重慶北路　民族往南,41.559322,2.8,59,1,121.51374,25.070503,121.513732,25.068611,大同,大同
425,ZNQQE40,三民路    民權東路-民生東路,32,0.6,3,0,121.563143,25.061832,121.563237,25.060902,松山,松山
426,ZM010A0,復北地下道往北,57.112904,6.4,62,0,121.543293,25.052677,121.543604,25.050257,中山,中山
427,ZP8QY00,三民路    民生東路-民權東路,39.625,3,32,0,121.563143,25.061832,121.563058,25.062808,松山,松山
428,ZL7SU60,虎林街(北)　松信路(往西),39.584908,4.5,53,1,121.576045,25.049431,121.572245,25.049145,松山,信義
429,ZZKPR60,至善路    中社路-至善路,51.444443,0.6,18,0,121.558682,25.111972,121.557155,25.10982,士林,士林
430,ZF9KB20,辛亥路    汀州路-建國南路,36.411766,2.2,17,0,121.531858,25.021899,121.534426,25.022386,大安,大安
431,ZZKPR20,至善路    至善路-中社路,50.809525,1,21,0,121.557463,25.107662,121.557155,25.10982,士林,士林
432,ZIPIZ60,金山南路  信義路-仁愛路,45.76,0.8666666,25,0,121.529411,25.038213,121.528341,25.038252,中正,中正
433,ZINKW20,仁愛路    建國南路-新生南路,39,0.2,1,0,121.53279,25.038146,121.537883,25.038065,大安,大安
434,ZHYFT40,重慶南路  凱達格蘭-愛國西路,35.533333,1,60,1,121.512825,25.038758,121.512464,25.035284,中正,中正
435,ZISFV00,重慶南路  愛國西路-凱達格蘭,47.117645,0.73333335,34,0,121.512464,25.035284,121.512825,25.038758,中正,中正
436,ZJVRL40,永吉路　基隆路(往南),44.791668,7.75,168,0,121.567202,25.04572,121.565833,25.043405,信義,信義
437,ZYBIB60,忠誠路    忠義街-中山北路,51.384617,3.1333332,91,0,121.528898,25.105509,121.524846,25.104025,士林,士林
438,Z1241E0,建國快往南 長安東路上匝道,44.2,2.2,45,0,121.536709,25.04837,121.536352,25.046156,中山,松山
439,ZENCU40,四九三巷　萬大(往南),34.36111,6.9,72,1,121.498554,25.02141,121.497766,25.020121,萬華,萬華
440,Z7JCE40,大業路    中央北路-承德路,51.30612,1.2666667,49,0,121.497174,25.136052,121.496305,25.134502,北投,北投
441,ZCNKM20,福和橋(往東),42.617886,7.8,123,0,121.527192,25.005828,121.536299,25.01095,永和,文山
442,ZZAJE00,忠誠路  忠義街-德行東路,37.92157,1.7333333,51,1,121.528898,25.105509,121.530318,25.108375,士林,士林
443,ZKVHI20,市民大道  重慶北路-中山北路,37.436783,4.7,87,0,121.516776,25.049912,121.520762,25.048039,大同,中正
444,Z2130C0,基隆快往東 敦化樂業,60.86111,5.2,72,0,121.547079,25.01946,121.550236,25.022398,大安,大安
445,ZEFM0C0,基隆快往東 辛亥下匝道,31.483871,28.1,31,1,121.544666,25.017367,121.546649,25.019146,大安,大安
446,ZJGPQ20,市民大道  復興北路-敦化北路,28.613636,6.1,88,1,121.546219,25.045076,121.548883,25.044805,大安,大安
447,ZINLD60,仁愛路    復興南路-建國南路,35.243244,2.4,37,1,121.54368,25.037944,121.539974,25.038021,大安,大安
448,Z6160C0,環東出城　彩虹橋段,71.30851,3.2,94,0,121.584863,25.058616,121.616541,25.062585,內湖,南港
449,ZM64J20,忠孝東路  向陽路-研究院路,37.534885,3.4,43,1,121.612615,25.052735,121.615243,25.05304,南港,南港
450,ZP5QG20,民權東路  光復北路-撫遠街,42.20548,2.1333332,73,0,121.55916,25.062272,121.560172,25.062412,松山,松山
451,Z12C2E0,建國快往南 忠孝東路下匝道,51,8,76,0,121.536373,25.043022,121.536486,25.04182,大安,大安
452,Z0111C0,市高往東  環河中華,63.21,7.4,100,1,121.506955,25.049948,121.507058,25.050409,大同,大同
453,ZIMNN60,仁愛路安和路往西,41.411766,14.2,34,1,121.552935,25.037757,121.551775,25.037779,大安,大安
454,ZGYS7A0,E_I-N-EX2,37.761906,6.3,42,0,121.573047,25.032337,121.568318,25.029953,信義,信義
455,ZJDST20,忠孝東路 松仁路-松信路,28.287355,16.466665,87,1,121.570192,25.040987,121.571936,25.040935,信義,信義
456,Z6330G2,環東出城  經貿彩虹2,77.12195,1.2,41,0,121.616641,25.062923,121.584603,25.059069,南港,內湖
457,ZP5KR40,建國北路  民權東路-民生東路,42.22222,3,27,0,121.533307,25.068208,121.537018,25.062371,中山,中山
458,ZSXTK20,內湖路一段629巷至港墘路(往東),49.113636,4.4,44,0,121.574459,25.080314,121.575814,25.079831,內湖,內湖
459,ZF9KB00,新生南路  羅斯福路-辛亥路,33.72973,4.733333,74,1,121.534021,25.020384,121.534426,25.022386,大安,大安
460,ZLMG600,重慶北路  南京西路-忠孝西路,39.357143,1.4,14,0,121.513657,25.050627,121.513929,25.051583,大同,大同
461,ZKWN860,八德路    光復南路-敦化北路,40.29032,1.6,31,0,121.552615,25.048185,121.548918,25.048181,松山,松山
462,ZKWNV20,八德路    敦化南路-光復南路,39.636364,1.7,22,0,121.548918,25.048181,121.552615,25.048185,松山,松山
463,ZJCTT60,忠孝東路  松山路-松信路,37.987015,1.6666666,77,0,121.577832,25.040777,121.57693,25.040798,信義,信義
464,Z8040A1,洲美往北   往大度,78.52672,6.0666666,131,0,121.49904,25.106516,121.493663,25.121735,北投,北投
465,ZJGPQ40,敦化南路  南京東路-市民大道,41.48148,2.4,27,0,121.548918,25.048181,121.548883,25.044805,松山,大安
466,ZJERC00,基隆路    松高路-忠孝東路,27.178572,8,28,0,121.562308,25.037523,121.564465,25.041144,信義,信義
467,ZKWN800,敦化南路  市民大道-南京東路,47.57143,0.8,21,0,121.548814,25.042584,121.548918,25.048181,大安,松山
468,Z6180A0,環東出城　往國道三號,75,0.9,28,0,121.617806,25.06217,121.619273,25.061198,南港,南港
469,ZQEUU60,民權東路  瑞光路-撫遠街,42.9,6.5,60,1,121.584317,25.068765,121.5825,25.068249,內湖,內湖
470,ZDENZ00,辛亥隧道往北,46.75714,6.4,70,1,121.558644,25.007392,121.551931,25.014901,文山,大安
471,ZKLPX00,光復南路  市民大道-八德路,40.75472,4.1,53,0,121.557784,25.045105,121.557801,25.04664,大安,松山
472,ZNLKR60,建國北路  民生東路-民權東路,29.095238,14.9,42,1,121.536919,25.057858,121.536969,25.060259,中山,中山
473,ZKAPX40,光復南路  八德路-市民大道,38.195652,4.7,46,1,121.557801,25.04664,121.557784,25.045105,松山,大安
474,Z2311G0,基隆快往西 敦化上匝道,39.46154,4.8,26,0,121.548698,25.020953,121.547076,25.019451,大安,大安
475,ZRGUF00,瑞光路    民權東路-陽光街,42.939392,1.5,33,1,121.583349,25.069627,121.580784,25.072155,內湖,內湖
476,ZWRLS20,至善路    福林路-故宮路,45.94643,3.0000002,56,0,121.539927,25.097371,121.542306,25.097191,士林,士林
477,ZX9KL60,福林路    雨農路-至善路,45.863014,4.133333,73,1,121.539927,25.097371,121.536465,25.099217,士林,士林
478,ZS6TI00,瑞光路    陽光街-港墘路,39.897434,2.4,39,0,121.576942,25.075114,121.57542,25.076058,內湖,內湖
479,ZLRJE00,吉林路    長安東路-南京東路,49.61905,1.4,21,0,121.529603,25.048152,121.530085,25.052041,中山,中山
480,ZLAJE40,吉林路    南京東路-長安東路,44.142857,0.8,7,0,121.530049,25.050497,121.530035,25.049694,中山,中山
481,ZLRJX00,南京東　松江路(往北),39.037037,5.1333337,81,1,121.532981,25.050153,121.533019,25.052022,中山,中山
482,Z8260E0,環北往南　社中中正,53.23567,8.6,157,-1,121.505458,25.085643,121.507375,25.08145,士林,士林
483,ZIKPW00,仁愛路　光復南(往北),38.466667,6.1,60,0,121.557522,25.035383,121.557582,25.037667,信義,大安
484,ZV9IT40,中山北路  中正路-小北街,46.326088,7.7,92,0,121.528014,25.093713,121.527474,25.090239,士林,士林
485,ZVYIV00,中山北路  小北街-中正路,41.854546,6.1,55,0,121.527474,25.090239,121.528014,25.093713,士林,士林
486,Z9FKW40,竹子湖路 頂湖路口-湖田國小,66,0.4,3,0,121.538267,25.173961,121.538425,25.170407,北投,北投
487,ZJFQQ00,忠孝東　逸仙路(往北),24.034483,3.6,29,0,121.561506,25.037553,121.561582,25.041218,信義,信義
488,ZHSIP20,信義路二段 杭州南路一段-金山南路一段,39.65,2.3,20,0,121.532731,25.033569,121.526759,25.034259,大安,中正
489,ZM7FI60,南京西路  西寧北路-重慶北路,39.565216,2.6,23,0,121.511758,25.053857,121.511044,25.053814,大同,大同
490,Z1280E0,建國快往南 信義和平,70.26126,7.2,111,0,121.53758,25.034605,121.537365,25.027768,大安,大安
491,Z6350G0,環東進城  堤頂麥一,72.24561,1.5,57,0,121.577017,25.055012,121.574869,25.053861,內湖,內湖
492,Z6160C6,環東出城  彩虹經貿6,70.97531,2.5,81,0,121.584863,25.058616,121.616541,25.062585,內湖,南港
493,ZLPN800,敦化北路  南京東路-民生東路,40.225807,1.5,31,1,121.548918,25.048181,121.548954,25.05172,松山,松山
494,ZLRJM60,南京東路二段 松江路-一江街,39.26,8.9,100,0,121.533019,25.052022,121.531502,25.052036,中山,中山
495,Z2WKS40,羅斯福路  興隆路-景隆街,33.444443,3.0666666,81,1,121.539572,25.000493,121.539925,24.999625,文山,文山
496,ZB9L800,羅斯福路  景隆街-興隆路,38.63964,2,111,1,121.538876,25.002175,121.538777,25.00436,文山,文山
497,ZMXH820,民生西路  雙連站-承德路,43.36986,2.8,73,0,121.518175,25.057337,121.519186,25.057451,大同,大同
498,Z1CRT60,木新路    木柵路-興隆路,38.78788,3.8,33,0,121.56875,24.983953,121.566736,24.983256,文山,文山
499,ZTTIF40,中山北路  小北街-基河路,37.820755,14.9,106,1,121.52565,25.08574,121.525485,25.084188,士林,士林
500,ZF9NH00,基隆路    和平東路-辛亥路,37.012047,11.6,83,1,121.548698,25.020953,121.55027,25.022338,大安,大安
501,Z27SN20,木新路    興隆路-木柵路,41.266666,2.8,30,0,121.568615,24.98891,121.570931,24.990707,文山,文山
502,ZU5IF00,中山北路  基河路-小北街,46.121212,4.8,99,0,121.525485,25.084188,121.527185,25.087667,士林,士林
503,ZTTIF00,中山北路　劍潭往北,31.886793,11.8,106,1,121.524396,25.079777,121.525485,25.084188,中山,士林
504,Z6330G0,環東進城　彩虹橋段,59.453125,4.0666666,64,0,121.616641,25.062923,121.584603,25.059069,南港,內湖
505,Z5060B0,環河快往北 華江貴陽,59.798077,8.1,104,1,121.491949,25.036359,121.497869,25.040065,萬華,萬華
506,ZU8EF20,重陽大橋 重陽橋 -延平北路六段,44.637363,2.6,91,1,121.499371,25.084592,121.505625,25.085657,士林,士林
507,ZTWD760,重陽大橋 延平北路六段-重陽橋 ,47.715908,1.2,88,1,121.505625,25.085657,121.499371,25.084592,士林,三重
508,Z7230E0,麥二正氣,62.929577,2.2,71,0,121.572381,25.051766,121.536157,25.044318,松山,大安
509,ZI9RI40,松智路往南 松高路-松壽路,31.722221,5.866667,54,1,121.565526,25.039091,121.565462,25.03585,信義,信義
510,ZIWRJ00,松智路往北   松高路-松壽路,22.051283,8.466666,39,2,121.565462,25.03585,121.565526,25.039091,信義,信義
511,ZPRT940,舊宗路    陽光街-民權東路,26.578947,1.4000001,57,2,121.574644,25.068974,121.575064,25.065705,內湖,內湖
512,ZQRTE00,舊宗路    民權東路-陽光街,51.671875,1.4666666,64,0,121.578439,25.066685,121.574024,25.072236,內湖,內湖
513,ZKCUX20,忠孝東路  東新街-中坡南路,42.094116,3,85,1,121.581931,25.044173,121.582719,25.045281,信義,信義
514,ZHEPV40,舊宗路一段南京六行善(往北),33.863014,7.1,73,0,121.557472,25.033063,121.557448,25.032115,北市,信義
515,ZU9NA40,自強隧道往南,41.934067,9.5,91,1,121.547418,25.096315,121.549442,25.085528,士林,中山
516,ZH7EN60,汀州路　莒光路(往西),39.893616,23.8,47,0,121.507889,25.031219,121.506759,25.031232,中正,中正
517,ZLRHT60,南京東路  新生北路-承德路,42.7375,4.6,80,1,121.525378,25.052094,121.522574,25.05223,中山,中山
518,ZJM4U00,研究院路  研究院路-舊莊路,55.92857,1.4,14,0,121.617003,25.038353,121.616089,25.043819,南港,南港
519,Z10D2A0,建國快往北 民權東路下匝道,76.03333,1,30,0,121.537105,25.061758,121.537488,25.061471,中山,中山
520,ZFQM660,和平東路  基隆路-復興南路,39.967743,4.8,62,1,121.546683,25.024671,121.543424,25.024855,大安,大安
521,ZLAKQ20,建國北路  長安東路-南京東路,32.813725,32.466667,102,1,121.536709,25.04837,121.536755,25.04967,中山,中山
522,Z1250E0,建國快往南 長安忠孝,60.38049,10.333333,205,1,121.536352,25.046156,121.536373,25.043022,松山,大安
523,Z2310G0,基隆快往西 樂業敦化,58.067566,16.2,74,1,121.55023,25.022392,121.547076,25.019451,大安,大安
524,ZMYN860,民生東路  光復北路-敦化北路,34.81818,4.2,22,0,121.552124,25.057973,121.54901,25.057696,松山,松山
525,ZQKWL40,成功路    民權東路-陽光街,42.313953,3.7,86,1,121.590448,25.06996,121.590899,25.068947,內湖,內湖
526,ZN8PG20,民生東路  敦化北路-光復北路,37.916668,3.8,24,0,121.552124,25.057973,121.555237,25.058251,松山,松山
527,ZLDTB20,八德路    基隆路-東新街,38.2807,6.2,57,0,121.572286,25.050007,121.574505,25.04998,松山,松山
528,ZLDTB60,八德路    東新街-基隆路,17.074074,34.6,54,2,121.575992,25.050001,121.574505,25.04998,松山,松山
529,Z5080A0,環河快往北 市民民生,60.57143,5.2,56,1,121.505632,25.047946,121.508492,25.057031,萬華,大同
530,ZHLN700,敦化南路  和平東路-信義路,54.791668,3,24,0,121.548772,25.030947,121.548802,25.033249,大安,大安
531,ZUIFC60,百齡橋 通河東街一段-重陽橋,51.027874,9.96,287,0,121.515488,25.090281,121.510577,25.087057,士林,士林
532,ZGHN840,敦化南路  信義路-和平東路,57.4,3.2,25,0,121.548772,25.030947,121.54875,25.028121,大安,大安
533,Z2RTQ20,新光路    秀明路-動物園,42.8125,1.7,48,0,121.573669,24.991617,121.576326,24.996374,文山,文山
534,Z9050A0,信快往北  象山隧道,71.29412,3.8666668,68,0,121.576318,25.021508,121.573107,25.030611,信義,信義
535,Z6160C4,環東出城  彩虹經貿4,70.51515,3.2,99,0,121.584863,25.058616,121.616541,25.062585,內湖,南港
536,ZN2D0E0,新生高    長安東路-八德路,56.270832,5.8,48,0,121.529315,25.048123,121.530055,25.044338,中山,中正
537,ZIDDL00,康定路    艋舺大道-桂林路,37.882355,1.6,17,0,121.501226,25.035205,121.501469,25.036585,萬華,萬華
538,ZJHKR20,忠孝東路  復興北路-建國南路,50.25,1.4666666,84,0,121.532868,25.042299,121.537077,25.041706,大安,大安
539,Z6360G1,環東進城　麥帥一橋,59.578312,2.8,83,0,121.574869,25.053861,121.570338,25.05153,內湖,松山
540,ZHHDF40,康定路    桂林路-艋舺大道,32.130436,3.2,23,0,121.501226,25.035205,121.500523,25.032815,萬華,萬華
541,ZP7HI40,中山北路  民族東路-民權東路,38.48148,3.7,27,0,121.522241,25.06488,121.522608,25.062748,中山,中山
542,ZQFHV00,中山北路  民權東路-民族東路,36.666668,15.5,27,1,121.522457,25.066838,121.52287,25.068435,中山,中山
543,ZPWMA00,復興北路  復興北路479巷-民族東路,42.636364,3.3,33,1,121.544262,25.06425,121.544311,25.06638,中山,中山
544,ZLNX920,東新街　昆陽街(往東),42.42105,2.7,38,1,121.583923,25.049492,121.593664,25.051329,南港,南港
545,ZJQEB00,昆明街    成都路-忠孝西路,43.292683,2.4,41,0,121.504532,25.041495,121.504825,25.043002,萬華,萬華
546,ZTGFS00,重慶北路  後港街-中正路,42,4.9999995,136,0,121.51312,25.081036,121.511903,25.083947,士林,士林
547,Z1240E0,建國快往南 長春長安,68.66161,3.8,198,0,121.536593,25.053358,121.536352,25.046156,中山,松山
548,ZEUPN60,和平東路  臥龍街-基隆路,27.714285,0.8,14,0,121.55756,25.019638,121.556514,25.020581,大安,大安
549,ZKXRL60,市民大道  基隆路-光復北路,42.613636,5.9,44,0,121.562977,25.047307,121.560326,25.046297,松山,松山
550,ZKJJP20,市民大道  金山北路-建國北路,53.706665,2.9,75,0,121.615422,25.045239,121.532891,25.04545,南港,中山
551,Z1IUI20,指南路    木新路-三段,29.84375,20.8,32,1,121.57585,24.987609,121.580027,24.98502,文山,文山
552,Z1TT960,新光路    秀明路-指南路,49.92857,1,14,0,121.573695,24.99084,121.573683,24.988087,文山,文山
553,ZFWBS00,光復橋(往北),48.057693,1,52,0,121.490868,25.02446,121.492498,25.025845,萬華,萬華
554,Z52B0E0,環河快往南 華江橋,58.661903,15.6,210,1,121.491098,25.036198,121.488942,25.033617,萬華,萬華
555,ZH6DG20,莒光路    西園路-萬大路,41.2,2.8,20,0,121.499128,25.031113,121.500585,25.031153,萬華,萬華
556,ZH6CN60,莒光路    萬大路-西園路,27,0.8,2,0,121.499128,25.031113,121.49679,25.03104,萬華,萬華
557,ZNKIG40,林森北路  民權東路-民生東路,37.394737,5.6,38,0,121.525607,25.061681,121.525571,25.060291,中山,中山
558,ZJWJ740,濟南路　新生南(往南),45.03125,4.2,32,0,121.532868,25.042299,121.532799,25.040132,大安,中正
559,Z6140C0,環東出城　堤頂舊宗,44.555557,6.4,63,0,121.574927,25.05342,121.577483,25.054945,松山,內湖
560,Z0380F0,正氣橋  麥一市民,61.967743,2.7,93,0,121.569772,25.046189,121.569771,25.045944,信義,信義
561,ZILPI20,仁愛路   光復南路-敦化南路,25.17647,1.3333333,17,0,121.552935,25.037757,121.555442,25.037711,大安,大安
562,Z4280C0,水源快往南 中正橋-師大路,58.016808,4.2,119,0,121.517301,25.021244,121.519819,25.020619,中正,中正
563,ZEWM500,復興南路  和平東路-辛亥路,38.42857,4.4,35,1,121.546649,25.019146,121.543359,25.021244,大安,大安
564,ZMSEX60,民生西路  重慶北路-環河北路,37.580647,4,31,1,121.509005,25.056873,121.508272,25.056857,大同,大同
565,Z37JI40,忠誠路    天母東路-德行東路,26.90625,1,32,0,121.532934,25.114902,121.531069,25.112408,士林,士林
566,Z4FKA00,忠誠路    德行東路-天母東路,41.964287,2.1333334,56,1,121.532934,25.114902,121.534663,25.118083,士林,士林
567,ZMTG520,民生西路  環河北路-重慶北路,37.055557,4,36,1,121.511602,25.056927,121.513793,25.056974,大同,大同
568,ZK9KC60,市民大道  建國北路-金山北路,39.193104,7.1,145,1,121.536655,25.044894,121.534782,25.045028,中山,中山
569,ZQGF700,環河北路  民權西路-民族西路,22.40351,4.4,57,2,121.508455,25.060477,121.509153,25.068699,三重,大同
570,ZPBEX40,環河北路  民族西路-民權西路,51.551514,2.95,165,0,121.509153,25.068699,121.508408,25.063384,大同,大同
571,ZKP4L00,研究院路  舊莊路-忠孝東路,38.785713,1.4,28,0,121.616925,25.042524,121.615421,25.046936,南港,南港
572,Z03C0G0,市高往西  復興建國,63.741936,12,186,0,121.536126,25.045025,121.530571,25.046519,中山,中山
573,ZI9EM00,中華路    和平西路-愛國西路,38.384617,4.5,104,0,121.505301,25.033403,121.50663,25.035999,萬華,中正
574,Z4050G0,水源快往北 師大路-泉州街,57.94,1.6,50,0,121.522921,25.020336,121.512387,25.024256,中正,中正
575,Z0160C0,市高往東  延吉永吉,66.5034,5,147,0,121.557631,25.044761,121.56923,25.045546,大安,信義
576,ZFYKD40,新生南路  信義路-和平東路,43.88,0.9,25,0,121.534501,25.028263,121.534868,25.026023,大安,大安
577,ZJWJ720,濟南路    杭州南路-新生南路,28.454546,1.8,11,0,121.529195,25.040822,121.532799,25.040132,中正,中正
578,ZCPKT40,羅斯福路  新生南路-舟山路,38.577778,4.95,135,0,121.615422,25.045239,121.537152,25.011119,南港,文山
579,ZJBJ960,濟南路    新生南路-杭州南路,37.31579,2.4,19,0,121.532799,25.040132,121.529195,25.040822,中正,中正
580,Z4081G0,水源快往北 萬大路上匝道,37.25,0.8,4,0,121.495851,25.017006,121.493547,25.018882,萬華,萬華
581,ZP5KR60,民權東路  松江路-建國北路,38.71875,6.6,96,1,121.540833,25.062186,121.537018,25.062371,中山,中山
582,ZGKCG20,西藏路    艋舺大道-西園路,35.041668,1.2,24,0,121.495352,25.028264,121.495631,25.028687,萬華,萬華
583,ZWXMM60,至善路    至善路-故宮路,40.741936,7.8,31,0,121.550251,25.100295,121.546524,25.098142,士林,士林
584,ZXWNW20,至善路    故宮路-至善路,32.625,4.8,16,0,121.550251,25.100295,121.552877,25.102253,士林,士林
585,ZN9PZ60,民生東路  三民路-光復北路,22.619047,0.6,21,0,121.560521,25.058628,121.558281,25.058492,松山,松山
586,ZNCRE20,民生東路  光復北路-三民路,43.64,1.4,25,0,121.560521,25.058628,121.563407,25.058861,松山,松山
587,Z5261E0,環河快往南 忠孝橋上匝道,51.42857,1.6,21,0,121.504301,25.049967,121.503459,25.046865,三重,萬華
588,Z5070A1,環河快往北  貴陽市民,59.632812,11.7,128,0,121.497869,25.040065,121.505632,25.047946,萬華,萬華
589,ZHZC820,和平西路  中華路-水源路,39.058823,2.6,34,1,121.491525,25.035464,121.494409,25.035408,萬華,萬華
590,Z1290E0,建國快往南 和平辛亥,66.2829,8.466667,152,0,121.537365,25.027768,121.537288,25.02406,大安,大安
591,ZN0A0E0,新生高   濟南-八德路,60.434784,4.7,46,0,121.529612,25.04176,121.530451,25.04452,中正,中正
592,Z0112A0,環河快往北 市民下匝道,44.916668,7.2,72,0,121.505632,25.047946,121.507058,25.050409,萬華,大同
593,ZIPJA20,仁愛路    新生南路-金山南路,45,0.2,1,0,121.528341,25.038252,121.529411,25.038213,中正,中正
594,Z10F2A0,建國快往北 長安東路下匝道,49.6,1.7,40,0,121.536836,25.046082,121.537024,25.047961,中山,中山
595,ZVEGK00,承德路    劍潭路-中正路,34.83471,2.6666667,121,1,121.518351,25.089784,121.516492,25.091,士林,士林
596,Z6320G0,環東進城　經貿園區,75.68056,1.7,72,0,121.616821,25.062867,121.616641,25.062923,南港,南港
597,Z42F2E0,水源快往南 泉州街下匝道,17.083334,35,12,2,121.508576,25.022303,121.512416,25.024226,萬華,中正
598,Z6170C1,環東出城　南湖橋段1,73.8875,2.2,80,0,121.616541,25.062585,121.617806,25.06217,南港,南港
599,ZN5JX40,松江路  民權東路-民生東路,43.574074,4.3,54,1,121.533173,25.0603,121.533133,25.057916,中山,中山
600,ZN5JX00,松江路    南京東路-民生東路,35.535713,4.3,56,1,121.53307,25.054793,121.533133,25.057916,中山,中山
601,ZJGN700,敦化南路  仁愛路-忠孝東路,42.10811,2.8,37,1,121.548833,25.037835,121.548869,25.0415,大安,大安
602,ZIMN840,敦化南路  忠孝東路-仁愛路,44.57143,0.8,14,0,121.548869,25.0415,121.548833,25.037835,大安,大安
603,ZEWM520,辛亥路    復興南路-建國南路,43.761906,2.2666667,42,1,121.54108,25.021315,121.543359,25.021244,大安,大安
604,Z4031A0,水源快往北 福和橋上匝道,50.75,2.2,8,0,121.530617,25.008151,121.533376,25.008195,永和,文山
605,ZN2E0E0,新生高    八德路-濟南路,62.466667,4.7,45,0,121.530055,25.044338,121.529346,25.04182,中正,中正
606,Z5260E0,環河快往南 忠孝橋,70.84536,3.2,97,0,121.50682,25.05207,121.503459,25.046865,大同,萬華
607,ZQEJF20,民族東路  新生北路-松江路,40.837837,2.6,74,1,121.527846,25.068309,121.530462,25.068263,中山,中山
608,ZGYS640,松仁路往南   信義路-松平路,29.169231,20.4,65,1,121.568297,25.031876,121.56831,25.030413,信義,信義
609,ZMQMV00,復興北路  長安東路-民生東路,39.923077,2.4,65,0,121.544039,25.051828,121.54408,25.054536,中山,中山
610,ZJTJ960,八德路    松江路-忠孝東路,42.25,2.6,24,0,121.532877,25.044348,121.530009,25.043609,北市,中正
611,ZMUGG20,民生西路  重慶北路-承德路,40.866665,2.6,30,0,121.513793,25.056974,121.515557,25.057013,大同,大同
612,ZMTG560,民生西路  承德路-重慶北路,42.475,4.2,40,1,121.515557,25.057013,121.513793,25.056974,大同,大同
613,Z9030A0,信快往北 文山隧道,71.26316,3.5333335,95,0,121.581819,25.008003,121.580073,25.018552,文山,信義
614,ZH6DG60,莒光路    中華路-萬大路,35,0.6,2,0,121.50226,25.031211,121.500585,25.031153,萬華,萬華
615,Z8040A0,洲美往北　焚化廠北,75.204544,5.8,132,0,121.49904,25.106516,121.493663,25.121735,北投,北投
616,ZH7E720,莒光路    萬大路-中華路,41.31579,1.6,19,0,121.50226,25.031211,121.504123,25.03125,萬華,萬華
617,ZTXQL00,堤頂大道  樂群二路-內湖路,42.166668,1,24,0,121.559676,25.079883,121.560798,25.084492,中山,內湖
618,ZJMHU60,濟南路    杭州南路-中山南路,40.5,0.6,8,0,121.524413,25.041986,121.522651,25.042398,中正,中正
619,ZJJIA20,濟南路    中山北路-杭州南路,32.5,0.6,2,0,121.522651,25.042398,121.524413,25.041986,中正,中正
620,ZU8EF40,環河北路  葫蘆街-敦煌路,54.364487,1.9,107,0,121.544696,24.996348,121.505625,25.085657,文山,士林
621,ZF9KW60,辛亥路    復興南路-建國南路,37.18033,8.333333,61,1,121.543359,25.021244,121.537577,25.022267,大安,大安
622,ZHX4E40,研究院路  舊莊路-研究院路,47.272728,1.4,11,0,121.616912,25.036051,121.614368,25.034617,南港,南港
623,ZMZLI00,龍江路    南京東路-民生東路,26.272728,1,22,0,121.540549,25.056102,121.540695,25.057808,中山,中山
624,Z1210E0,建國快往南 濱江民權,55.770187,14.3,161,0,121.533419,25.068939,121.534354,25.067292,中山,中山
625,ZHM3N40,研究院路  四段-三段,0,0,0,0,121.613304,25.033863,121.610803,25.033088,南港,南港
626,Z1XLD00,羅斯福六段　　338巷(往北),27.84058,6,69,1,121.539628,24.988404,121.539593,24.989379,文山,文山
627,Z0150C1,市高往東  敦化上方,72.62832,10.6,226,0,121.536157,25.044318,121.557631,25.044761,大安,大安
628,ZP5KR20,民權東路  松江路-建國北路,43.510204,2.1,49,1,121.533203,25.062466,121.537018,25.062371,中山,中山
629,ZP6JY60,民權東路  建國北路-松江路,54.02128,2.1,47,0,121.537018,25.062371,121.533203,25.062466,中山,中山
630,ZK7KP40,建國北路  長安東路-忠孝東路,19.033333,17,30,1,121.53666,25.046059,121.536655,25.044894,中山,中山
631,ZJERC50,基隆路地下道 松隆路-忠孝東路,46.039474,7.8,76,1,121.565833,25.043405,121.564465,25.041144,信義,信義
632,Z4221E0,水源快往南 萬大路上匝道,38,0.1,2,0,121.495851,25.017006,121.49758,25.016044,萬華,萬華
633,ZS9TE40,港墘路    內湖路-瑞光路,45.22222,1.8666666,54,1,121.576464,25.07879,121.574926,25.076349,內湖,內湖
634,ZIKQP20,仁愛路   逸仙路-光復南路,13.6,0.3333333,10,0,121.560426,25.037593,121.561506,25.037553,信義,信義
635,Z03D0G0,市高往西  新生林森,60.496,13.733333,250,0,121.530571,25.046519,121.515178,25.049521,中山,大同
636,ZL6IA60,長安東路  中山北路-林森北路,45.68421,2.2,19,0,121.528453,25.048237,121.524572,25.049127,中山,中山
637,Z56BU20,大度路    模構溪-貴子坑溪,51.21552,8.133333,116,0,121.471407,25.122847,121.48608,25.121852,北投,北投
638,Z5070A0,環河快往北 貴陽市民,54.443607,3.2,133,1,121.497869,25.040065,121.505632,25.047946,萬華,萬華
639,Z6150C0,環東出城　堤頂舊宗,77.28125,1.8,64,0,121.577483,25.054945,121.584863,25.058616,內湖,內湖
640,ZMEKQ20,長春路    松江路-建國北路,37.71795,6.4,39,1,121.534824,25.054769,121.536846,25.054734,中山,中山
641,ZLBHN00,中山北路  忠孝東路-長安東路,20.942308,1.4,52,2,121.519251,25.044496,121.521622,25.049814,中正,中山
642,Z0390G0,市高往西  永吉光復,66.82741,6.4,197,0,121.569771,25.045944,121.567512,25.045891,信義,信義
643,ZJWJ700,濟南路　新生南(往北),51.53846,1.8,13,0,121.53279,25.038146,121.532799,25.040132,大安,中正
644,ZV9IP40,文林路    中正路-基河路,31.4,4.8,50,1,121.525956,25.092339,121.527037,25.090213,士林,士林
645,ZWBIA00,文林路    基河路-中正路,32.81579,3.8,38,1,121.525956,25.092339,121.524619,25.095007,士林,士林
646,ZF9KB60,辛亥路    建國南路-汀州路,31.574469,4.1333337,47,1,121.537577,25.022267,121.534426,25.022386,大安,大安
647,ZHNJV20,信義路二段 金山南路一段-新生南路一段,41.44304,6.9,79,0,121.529967,25.033697,121.532731,25.033569,北市,大安
648,ZKLGD20,忠孝西路  中華路-館前路,34.414635,15.24,123,1,121.51101,25.047973,121.515009,25.046795,中正,中正
649,Z1220E0,建國快往南 民權東路,60.093266,14.5,193,0,121.534354,25.067292,121.536694,25.061278,中山,中山
650,ZLEWX20,忠孝東六段 398巷(往東),42.656715,2.1,67,0,121.591322,25.049734,121.592493,25.050018,南港,南港
651,ZLEWS60,忠孝東路  向陽路-東新街,41.9,3.5,90,0,121.575325,25.040832,121.591322,25.049734,信義,南港
652,ZHKPV60,信義路   光復南路-基隆路,34.265823,7.6666665,79,0,121.559573,25.033019,121.5570496,25.00548991,信義,文山
653,ZSVI900,中山北三段 北安路-中山北四段1巷,49.74,5.6,50,0,121.526877,25.075986,121.524396,25.079777,中山,中山
654,ZZLIE40,中山北路  天母東路-士東路,43.533333,1.4,45,1,121.525253,25.108709,121.52595,25.111695,士林,士林
655,Z4NJD00,中山北路  士東路-天母東路,43.8125,1.2,48,1,121.528577,25.116344,121.530083,25.118243,士林,士林
656,Z2320G0,基隆快往西 敦化羅斯福,63.29524,3.9,105,0,121.547076,25.019451,121.544659,25.017366,大安,大安
657,ZMGXG40,向陽路    南京東路-重陽路,50.70652,1.9333334,92,1,121.592738,25.061735,121.594905,25.054847,內湖,南港
658,ZH7EV20,莒光路    中華路-和平西路,2.9166667,0.2,12,0,121.505301,25.033403,121.507889,25.031219,萬華,中正
659,ZH7E760,莒光路    和平西路-中華路,46.909092,1,11,0,121.506759,25.031232,121.504123,25.03125,中正,萬華
660,ZIKPW60,仁愛路光復往西,48.6,4.9,35,0,121.560426,25.037593,121.557582,25.037667,信義,大安
661,ZLRHT00,中山北路  長安西路-南京東路,47.666668,5.8,36,1,121.521622,25.049814,121.522574,25.05223,中山,中山
662,ZLBHN40,中山北路  南京西路-長安西路,53.9375,3,32,0,121.522574,25.05223,121.521622,25.049814,中山,中山
663,ZSWMR40,北安路    大直街-通北街,35.382355,1.1,34,1,121.54818,25.080504,121.547414,25.079875,中山,中山
664,ZMDL820,長春路    新生北路-松江路,38.407406,2.6,27,0,121.536846,25.054734,121.539076,25.054672,中山,中山
665,Z4080G0,水源快往北 華中橋,66.42105,1.1,38,0,121.496989,25.016621,121.493547,25.018882,萬華,萬華
666,ZMLXB00,向陽路    重陽路-新明路,47.924244,1.4,66,1,121.594905,25.054847,121.594135,25.055572,南港,南港
667,Z6121A0,堤頂上匝道,72.26667,1,15,0,121.564893,25.063062,121.570605,25.051011,松山,松山
668,ZLXZ720,向陽路　忠孝東七段265巷(往東),50.792454,3.5,53,0,121.595457,25.051634,121.603353,25.052736,南港,南港
669,ZZLKH60,德行東路  忠誠路-東山路,42.133335,1.2,15,0,121.537644,25.11029,121.535907,25.110025,士林,士林
670,ZJQJI20,忠孝東路  建國南路-中山北路,43.330578,7.1333337,121,1,121.529868,25.043122,121.53073,25.042884,中正,中正
671,ZFPMQ20,和平東路  復興南路-基隆路,50.23256,1.6,43,0,121.543424,25.024855,121.546683,25.024671,大安,大安
672,ZN0E0E0,新生高    民權東路-民族東路,61.79091,10.1,110,0,121.52792,25.062621,121.528063,25.068378,中山,中山
673,Z52A0E0,環河快往南 桂林路-華江橋,44.587627,16.2,97,1,121.495769,25.039059,121.491098,25.036198,萬華,萬華
674,ZIME520,桂林路    康定路-中華路,25.975,24.4,40,1,121.501794,25.038308,121.503844,25.037994,萬華,萬華
675,ZNXPC20,民權東路  敦化北路-光復北路,38.31081,6.2,74,0,121.550771,25.061481,121.554579,25.061882,松山,松山
676,Z3330G0,辛亥高架 汀州路地下道,59.85484,6.1,62,0,121.5570496,25.00548991,121.530685,25.020973,文山,大安
677,Z1VQH00,興隆路    木新路-木柵路,34.736843,1.6,19,0,121.560908,24.986628,121.560154,24.988725,文山,文山
678,ZNZM920,民權東路  建國北路-復興北路,50.083332,1.8,48,0,121.540833,25.062186,121.544233,25.062201,中山,松山
679,Z6340G0,環東進城　舊宗新明,74.31169,5.6,77,0,121.584603,25.059069,121.577017,25.055012,內湖,內湖
680,ZQGFY60,民族西路  承德路-環河北路,41.37037,3.2,27,0,121.515923,25.068558,121.513732,25.068611,大同,大同
681,Z1NQM40,興隆路    木柵路-木新路,41.944443,1.2,18,0,121.560154,24.988725,121.560908,24.986628,文山,文山
682,ZQGGJ20,民族西路  環河北路-承德路,39.70909,6.8,55,1,121.513732,25.068611,121.515923,25.068558,大同,大同
683,ZJCTT20,忠孝東路  松信路-松山路,44,1.7,37,1,121.575325,25.040832,121.57693,25.040798,信義,信義
684,ZUVHL40,大南路　承德路(往南),41.511112,5.2,45,0,121.518351,25.089784,121.521559,25.088815,士林,士林
685,Z2KLN40,羅斯福路  景隆街-景中路,45.40187,2.0666666,107,0,121.540895,24.997166,121.541157,24.995937,文山,文山
686,ZJT4T00,胡適國小　研究(往北),39.482758,1.3,29,0,121.62034,25.039856,121.616925,25.042524,南港,南港
687,Z2TLL00,羅斯福路  景中街-景隆街,41.69307,2.0666668,101,0,121.541157,24.995937,121.540895,24.997166,文山,文山
688,ZQEJY00,松江路    民權東路-民族東路,48.142857,2.8666668,35,0,121.537018,25.062371,121.533307,25.068208,中山,中山
689,ZINKW40,建國南路  仁愛路-信義路,36.451614,0.8666667,31,1,121.537077,25.041706,121.537883,25.038065,大安,大安
690,ZP6JY40,松江路    民生東路-民權東路,36.02941,3.4000003,34,0,121.533242,25.064705,121.533203,25.062466,中山,中山
691,Z3310G0,辛亥高架 建高接辛高,54.980953,9.8,105,0,121.535666,25.022585,121.535349,25.022582,大安,大安
692,ZMDLH20,長春路    建國北路-復興北路,36.874126,4,143,0,121.539076,25.054672,121.540503,25.05464,中山,中山
693,ZV9GE20,百齡橋 重陽橋-通河東街一段,46.82199,8.08,191,1,121.510577,25.087057,121.515488,25.090281,士林,士林
694,ZJGPQ00,敦化南路  忠孝東路-市民大道,40.090908,2.7,33,1,121.548869,25.0415,121.548883,25.044805,大安,大安
695,Z6151C0,環東出城　舊宗匝道,54.583332,4.8,24,0,121.566137,25.051339,121.584863,25.058616,松山,內湖
696,ZJGN740,敦化南路  市民大道-忠孝東路,41.583332,1.5,24,0,121.548814,25.042584,121.548869,25.0415,大安,大安
697,ZGBBW60,艋舺大道  西園路-西藏路,39.21127,20.466667,71,0,121.491413,25.032032,121.493567,25.030436,萬華,萬華
698,ZN5JX60,民生東路  建國北路-松江路,40.489796,1.6,49,0,121.536919,25.057858,121.533133,25.057916,中山,中山
699,ZN5KR20,民生東路  松江路-建國北路,43.93617,1.1333333,47,0,121.533133,25.057916,121.536919,25.057858,中山,中山
700,ZJES800,松仁路往北 松高路-忠孝東路,34.85,13.266665,80,1,121.570192,25.040987,121.568686,25.041038,信義,信義
701,ZI9S640,松仁路往南 松高路-松壽路,31.070797,15.933334,113,1,121.568439,25.039052,121.568355,25.035803,信義,信義
702,Z8220E0,洲美往南　焚化廠北,74.17544,6.7333326,114,-1,121.499415,25.116407,121.49941,25.11623,北投,北投
703,ZMEKQ40,建國北路  民生東路-南京東路,42.013332,1.8666668,75,0,121.537018,25.062371,121.536846,25.054734,中山,中山
704,Z6330G7,環東出城  經貿彩虹7,62.15464,3.2,97,0,121.616641,25.062923,121.584603,25.059069,南港,內湖
705,ZJLFX40,重慶南路  忠孝西路-貴陽街,37.4375,2.8,80,0,121.513201,25.043424,121.513186,25.042296,中正,中正
706,ZJTFX00,重慶南路  凱達格蘭-忠孝西路,31.88889,1.9,45,1,121.513186,25.042296,121.513201,25.043424,中正,中正
707,ZGSGF40,重慶南路  南海路-寧波西路,48.23077,2.6,52,0,121.514412,25.031891,121.515285,25.029776,中正,中正
708,ZHBGA00,重慶南路  寧波西街-南海路,39.412697,3.5,63,1,121.515285,25.029776,121.514412,25.031891,中正,中正
709,ZNES900,塔悠路    南京東路-民生東路,48.229168,0.8666667,48,0,121.569336,25.057313,121.568988,25.059201,松山,松山
710,ZU8P760,北安路 劍南路-敬業三路,45.061855,3.95,97,1,121.556318,25.08469,121.553912,25.085322,中山,中山
711,ZN2C0E0,新生高    常春路-長安東路,67.82796,6.8,93,0,121.527276,25.054868,121.529315,25.048123,中山,中山
712,ZIWR760,松高路往西   松仁路-市府路,21.862068,4.266667,29,0,121.565526,25.039091,121.563604,25.039134,信義,信義
713,ZEWN0C0,基隆快往東 敦化下匝道,41.82353,5.8,17,0,121.547079,25.01946,121.548698,25.020953,大安,大安
714,ZJTJ820,忠孝東路  杭州北路-中山北路,45.14035,2.4,114,0,121.526849,25.043945,121.529007,25.043351,中正,中正
715,Z2321G0,基隆快往西 羅斯福路上匝道,48.42857,5.8,28,0,121.540374,25.013833,121.544659,25.017366,大安,大安
716,Z1050A0,建國快往北 南京東路,67.27723,9.133333,202,0,121.537032,25.049729,121.536885,25.049528,中山,中山
717,ZNKIG00,林森北路  民生東路-民權東路,35.934784,5.6,46,0,121.525522,25.058043,121.525571,25.060291,中山,中山
718,ZK5IE20,忠孝東路  八德路-林森北路,42.774193,7.4,124,1,121.523345,25.044788,121.525107,25.044367,中正,中正
